net,length_um
u_regfile.wd\[6\],2743.81
u_regfile.wd\[11\],2620.665
u_regfile.wd\[5\],2437.27
u_regfile.wd\[3\],2426.51
u_regfile.wd\[4\],2356.305
u_regfile.wd\[10\],2339.195
u_regfile.wd\[24\],2280.05
u_regfile.wd\[19\],2270.595
u_regfile.wd\[9\],2243.145
u_regfile.wd\[22\],2125.52
u_regfile.wd\[17\],2041.71
net368,2016.5
u_regfile.wd\[0\],1967.2
u_regfile.wd\[1\],1822.165
net278,1723.32
u_regfile.wd\[12\],1698.63
net176,1686.06
net386,1631.86
clknet_2_3_0_clk,1579.03
net289,1575.52
u_regfile.wd\[7\],1546.77
u_regfile.wd\[14\],1537.54
net275,1513.84
net168,1476.76
net241,1462.36
u_regfile.wd\[2\],1458.58
clk,1445.37
net62,1441.18
u_regfile.wd\[13\],1427.245
u_regfile.wd\[20\],1419.24
net252,1365.4
net37,1351.68
net373,1316.78
u_regfile.wd\[21\],1312.43
net41,1303.48
net344,1301.66
net156,1299.69
net38,1299.52
net259,1285.62
net183,1277.64
net59,1236.34
u_regfile.wd\[15\],1223.19
net191,1217.04
u_regfile.wd\[16\],1194.01
net1,1181.74
net61,1178.86
u_regfile.wd\[18\],1159.71
u_regfile.wd\[8\],1147.85
u_regfile.wd\[25\],1136.41
net42,1128.46
clknet_2_1_0_clk,1125.94
clknet_2_0_0_clk,1115.81
net63,1111.4
net45,1083.28
net64,1082.5
net79,1066.68
net142,1064.08
u_imem.addr\[25\],1049.28
net301,1046.28
u_imem.addr\[19\],1041.74
u_imem.addr\[23\],1034.73
net60,1029.92
net49,1028.62
net57,1023.52
net34,1020.78
net43,1018.04
net35,1016.98
u_regfile.wd\[26\],1012.54
net89,1008.86
net379,998.18
net272,992.03
u_imem.addr\[28\],990
net54,965.42
net47,963.12
u_regfile._000_,960.06
u_imem.addr\[24\],949.99
net211,949.855
u_imem.addr\[18\],945.19
u_imem.addr\[27\],937.235
net152,931.84
net195,920.4
net48,915.78
net350,880.72
net56,880.44
net297,875.4
net53,874.36
net271,873.88
u_imem.addr\[16\],851.42
net58,849.89
net55,846.88
net330,844.98
u_imem.addr\[26\],843.95
net342,837.98
net304,837.37
net36,824.32
u_imem.addr\[20\],815.275
u_regfile.wd\[23\],805.64
u_imem.addr\[29\],804.51
net52,785.44
net50,777.82
u_imem.addr\[10\],776.3
u_regfile.wd\[31\],766.56
net40,758.84
net388,755.75
net383,752.62
u_alu.A\[19\],740.92
net397,737.88
u_alu._0512_,736.145
net321,734.81
net308,730.54
net51,725.8
net167,719.78
u_imem.addr\[17\],719.725
net377,712.8
u_regfile.wd\[30\],711.05
u_regfile.wd\[28\],699.09
u_regfile.wd\[27\],697.68
u_imem.addr\[21\],692.96
u_regfile.wd\[29\],690.8
u_imem.addr\[22\],681.89
net162,680.1
net147,674.82
u_alu.A\[20\],666.135
net281,665.78
net270,662.45
net239,660.48
net292,656.58
net365,655.19
u_pc_next_logic._0115_,653.3
net263,651.14
net371,650.88
u_alu._0285_,648.62
net273,646.74
u_imem.addr\[1\],646.555
net392,643.64
net266,637.9
u_imem.addr\[15\],635.485
u_alu._0589_,635.35
u_alu._0050_,626.3
net138,626.23
u_alu.A\[21\],616.9
net307,615.26
net262,613.44
u_pc_next_logic._0162_,608.54
clknet_2_2_0_clk,605.4
net267,605.04
u_imem.addr\[14\],603.37
u_alu.A\[17\],601.54
net39,589.64
net44,587.14
u_alu._0640_,585.225
u_alu._0482_,578.06
u_alu._0143_,577.72
u_imem.addr\[30\],575.48
u_decoder_controller.jump,571
net257,564.9
net300,564.02
u_alu._0517_,562.325
u_alu._0510_,562.055
u_alu._0679_,559.965
u_alu._0205_,554.47
u_alu.A\[25\],550.48
u_alu.A\[18\],548.555
net335,547.01
net385,540.7
net325,539.95
u_alu.A\[29\],539.38
net85,538.6
net86,538.58
net359,535.345
net146,524.38
u_imem.addr\[0\],517.8
u_alu.A\[6\],516.49
u_alu._0286_,515.34
u_alu._0269_,514.46
u_alu._0509_,513.435
u_pc_next_logic._0609_,512.14
u_pc_next_logic._0117_,511.915
u_alu.A\[26\],510.24
u_alu._0261_,509.46
u_alu.A\[5\],508.52
net354,507.07
u_pc_reg._037_,506.98
u_branch_unit.rs2_val\[31\],504.86
u_alu.A\[28\],502.49
u_imem.addr\[31\],501.15
u_imem.addr\[13\],500.5
net158,498.12
u_imem.addr\[7\],497.2
u_alu.A\[22\],494.86
u_wb_mux._080_,494.52
u_alu.Result\[1\],494.135
u_wb_mux._072_,494
u_alu.A\[24\],493.2
u_branch_unit.rs2_val\[30\],492.31
net251,489.3
net128,485.56
clknet_0_clk,485.1
net198,483.84
u_alu._0749_,482.665
u_wb_mux._078_,480.65
u_pc_next_logic._0590_,478.52
u_wb_mux._074_,476.78
net277,475.48
net139,475.46
u_wb_mux._076_,475.24
net194,474.56
u_wb_mux._070_,474.44
u_alu.A\[23\],474.205
u_pc_next_logic._0124_,473.1
u_alu.A\[11\],472.8
u_pc_next_logic._0111_,472.34
u_wb_mux._082_,472.26
net186,471.8
net65,470.98
u_alu._0275_,470.55
net296,468.18
u_branch_unit.rs1_val\[27\],467.04
net171,466.14
u_pc_next_logic._0108_,465.8
u_wb_mux._004_,465.58
u_alu.B\[27\],465.02
u_alu.A\[16\],464.17
net179,463.82
u_branch_unit.rs2_val\[6\],460.93
u_wb_mux._066_,460.76
u_wb_mux._002_,456.92
u_wb_mux._068_,456.8
net83,455.62
u_alu._0518_,455.465
u_pc_next_logic._0145_,453.52
u_alu.A\[10\],451.11
net303,450.9
u_imem.addr\[9\],450.74
u_pc_next_logic._0182_,450.37
u_branch_unit.rs2_val\[19\],450.21
u_branch_unit.rs2_val\[18\],445.44
net131,445.28
u_alu.B\[26\],444.64
net122,444.2
u_pc_next_logic._0114_,442.24
u_alu_control.alu_op\[1\],442.12
u_wb_mux._064_,441
u_alu._0341_,440.725
u_branch_unit.rs2_val\[5\],439.56
u_imem.addr\[12\],439.165
u_branch_unit.rs2_val\[7\],437.43
u_wb_mux._008_,437.12
u_branch_unit.rs1_val\[16\],436.16
u_alu.A\[9\],435.94
u_branch_unit.rs2_val\[12\],433.465
u_alu.A\[4\],432.485
u_branch_unit.rs1_val\[26\],431.26
u_imem.addr\[11\],431.175
u_alu.A\[15\],431.07
u_branch_unit.rs1_val\[25\],431.04
u_alu.B\[24\],429.04
u_branch_unit.rs1_val\[31\],428.9
u_branch_unit.rs2_val\[4\],428.35
u_branch_unit.rs2_val\[11\],427.91
u_pc_next_logic._0125_,427.72
u_branch_unit.rs1_val\[24\],427.1
u_branch_unit.rs2_val\[10\],426.65
u_alu.A\[13\],426.46
net236,424.26
net269,422.38
u_wb_mux._084_,421.74
u_pc_next_logic._0158_,418.92
u_alu.A\[12\],417.41
net265,415.38
u_branch_unit.rs1_val\[28\],414.9
u_branch_unit.rs2_val\[1\],414.38
u_branch_unit.rs2_val\[17\],414.35
u_pc_next_logic._0121_,413.555
u_branch_unit.rs2_val\[16\],413.1
u_alu._0297_,412.555
u_pc_next_logic._0146_,411.98
_102_,411.8
u_branch_unit.rs2_val\[9\],410.29
u_branch_unit.rs2_val\[0\],410.02
u_imem.addr\[4\],409.955
u_branch_unit.rs2_val\[15\],409.04
net355,408.14
u_branch_unit.rs2_val\[20\],406.65
u_branch_unit.rs2_val\[13\],406.59
u_alu.A\[14\],404.55
u_alu._0519_,402.085
net360,402
u_branch_unit.rs2_val\[28\],401.82
u_wb_mux._051_,401.12
u_branch_unit.rs2_val\[14\],401.11
u_branch_unit.rs1_val\[23\],400.52
u_decoder_controller.jalr,400.5
u_branch_unit.rs2_val\[29\],399.71
u_branch_unit.rs2_val\[3\],399.65
u_branch_unit.rs2_val\[2\],399.57
u_branch_unit.rs1_val\[30\],399.22
u_wb_mux._061_,398.62
u_branch_unit.rs1_val\[21\],397.5
net362,397.26
net357,396.7
u_branch_unit.rs1_val\[29\],395.88
u_alu.A\[8\],395.845
u_alu.Result\[0\],395.58
u_branch_unit.rs2_val\[8\],394.02
u_alu.ALUControl\[0\],393.78
u_wb_mux._053_,392.54
u_alu._0523_,389.88
u_pc_next_logic._0630_,389.83
net114,389.76
u_alu._0939_,389.425
u_alu._0647_,389.155
u_branch_unit.rs1_val\[15\],389.14
u_alu.B\[25\],387.82
net90,386.48
u_pc_next_logic._0110_,386.44
net87,385.46
u_wb_mux._045_,384.02
u_alu.A\[1\],378.98
u_pc_next_logic._0728_,378.83
u_alu._0493_,378.78
net372,378.62
u_branch_unit.rs2_val\[21\],377.72
u_wb_mux._055_,377.44
u_pc_next_logic._0258_,377.28
net378,377.26
u_branch_unit.rs1_val\[22\],377.08
u_alu._0279_,374.46
u_wb_mux._049_,373.36
u_branch_unit.rs1_val\[20\],371.88
u_branch_unit.rs1_val\[14\],371.16
net256,370.84
u_alu._0881_,369.56
u_alu.A\[31\],368.895
net238,367.3
u_alu._0410_,366.56
u_branch_unit.rs1_val\[13\],363.8
u_branch_unit.rs2_val\[22\],362.79
net235,362
u_wb_mux._047_,358.96
u_branch_unit.rs2_val\[23\],358.91
u_branch_unit.rs1_val\[17\],355.86
u_alu.A\[30\],355.44
net347,354.8
u_alu._0530_,353.92
_075_,352.16
u_alu._0220_,351.08
_073_,349.93
u_pc_reg._061_,349.84
u_alu._0656_,348.8
net384,347.82
u_alu._0311_,347.31
u_pc_next_logic._0702_,344.76
u_alu.B\[28\],344.42
u_alu._0631_,341.72
u_branch_unit.rs2_val\[27\],340.69
u_alu._0284_,339.68
u_alu._0375_,339.26
u_alu._0514_,337.455
u_alu._0548_,336.785
u_branch_unit.rs1_val\[10\],335.86
u_alu.B\[31\],335.43
u_pc_next_logic._0160_,335.1
u_branch_unit.rs2_val\[25\],330.47
net287,329.74
u_branch_unit.rs1_val\[18\],329.59
net46,328.1
net393,327.94
u_branch_unit.rs2_val\[26\],327.37
_076_,327.13
u_branch_unit.rs2_val\[24\],327.11
u_alu._0584_,326.97
u_decoder_controller.mem_read,325.8
u_wb_mux._043_,325.38
u_alu.B\[2\],324.8
u_branch_unit.rs1_val\[12\],324.46
u_pc_next_logic._0583_,324.38
u_alu._0782_,323.74
u_alu._0425_,323.38
u_alu._0320_,321.82
u_alu._0745_,321.595
u_alu.B\[29\],321.36
u_alu.Result\[25\],321.08
u_dmem.read_data\[26\],321.08
u_pc_next_logic._0682_,321.06
u_alu._0392_,320.64
u_branch_unit.rs1_val\[19\],320.52
net320,319.5
net22,318.63
u_alu.B\[3\],317.18
u_dmem.read_data\[27\],316.74
u_alu._0291_,316.595
u_dmem.read_data\[28\],311.78
u_alu._0430_,311.2
u_alu._0480_,310.28
net317,310.06
u_alu._0309_,309.76
u_alu._0563_,309.54
u_branch_unit.rs1_val\[11\],309.34
u_branch_unit.rs1_val\[9\],309.02
u_pc_next_logic._0505_,308.52
u_alu._0362_,307.96
u_alu._0189_,307.31
u_wb_mux._041_,306.22
u_pc_next_logic._0751_,305.8
u_alu._0305_,304.635
u_alu._0549_,304.4
net81,302.16
u_dmem.read_data\[25\],301.8
u_pc_next_logic._0537_,301.78
net313,301.04
net25,300.02
u_dmem.read_data\[24\],298.62
u_alu._0763_,298.515
net363,298.24
u_alu.B\[30\],297.92
u_alu.A\[0\],297.8
u_wb_mux._039_,297.26
u_alu.B\[23\],294.7
u_pc_next_logic._0513_,292.71
u_alu._0400_,291.62
net268,290.34
net370,290.24
u_dmem.read_data\[21\],288.62
u_alu._0708_,286.58
u_pc_next_logic._0051_,286.58
u_pc_reg._050_,286.48
u_pc_next_logic._0042_,285.86
u_alu._0402_,282.6
u_dmem.read_data\[23\],282.58
u_alu._0071_,282.52
u_dmem.read_data\[19\],282.46
u_dmem.read_data\[20\],282.3
u_dmem.read_data\[15\],281.76
u_alu._0568_,281.6
u_alu._0088_,281.48
u_branch_unit.rs1_val\[8\],280.935
u_alu._0386_,280.08
net264,279.01
u_dmem.read_data\[16\],278.32
u_alu._0405_,277.56
u_pc_next_logic._0265_,277.52
u_alu._0210_,275.79
u_alu._0648_,275.475
u_alu._0505_,275.13
u_dmem.read_data\[22\],274.18
u_alu._0378_,273.425
net375,271.02
net315,271
net285,270.58
u_branch_unit.rs1_val\[1\],270.14
u_wb_mux._036_,269.28
u_alu._0697_,268.505
u_dmem.read_data\[17\],268.48
u_pc_next_logic._0470_,268.46
u_pc_next_logic._0238_,267.92
u_alu._0316_,267.82
u_alu._0567_,265.42
u_alu._0377_,265.27
u_alu._0396_,264.62
u_alu._0384_,264.28
u_pc_next_logic._0008_,263.86
u_alu._0629_,263.8
u_pc_next_logic._0717_,262.96
u_alu._0562_,261.22
net253,259.06
u_alu._0408_,258.13
net394,258
u_alu.B\[5\],257.88
u_alu._0130_,257.6
u_pc_next_logic._0463_,257.38
u_alu._0475_,257.06
net324,257.06
u_alu._0499_,256.685
u_alu._0404_,256.32
u_pc_next_logic._0107_,256.22
u_alu._0561_,253.99
net404,253.66
u_dmem.read_data\[18\],253.62
u_pc_next_logic._0464_,252.91
u_alu._0393_,252.25
u_dmem.read_data\[14\],249.74
u_alu._0417_,249.32
net399,248.98
u_wb_mux._026_,248.28
net380,248.1
net395,247.6
net293,247.06
u_alu._0166_,246
u_alu.Result\[20\],244.52
net309,244.46
u_branch_unit.rs1_val\[0\],244.42
u_alu._0515_,244.39
u_alu._0177_,244
net341,243.68
u_dmem.read_data\[13\],243.02
u_alu._0370_,242.3
net283,241.9
net328,241.64
net247,241.02
net311,241.02
net314,240.56
u_alu.B\[22\],240.02
u_wb_mux._030_,239.96
u_branch_unit.take_branch,239.08
net149,239.06
u_alu.A\[7\],238.89
u_branch_unit.rs1_val\[3\],238.645
u_alu._0427_,238.49
u_alu.B\[20\],238.37
u_alu.B\[21\],237.96
net401,237.72
u_alu._0500_,237.65
net248,237.56
u_alu._0673_,236.85
u_branch_unit._052_,236.24
u_branch_unit.rs1_val\[2\],236.22
net340,235.7
u_pc_next_logic._0055_,235.42
net148,235.3
net400,235.3
net356,235.04
u_alu._0703_,234.94
u_alu.Result\[28\],234.62
net361,234.22
u_alu._0823_,233.7
net312,233.56
net322,233.52
u_alu._0507_,233.355
u_wb_mux._028_,233.06
net245,232.52
u_alu._0366_,232.46
u_alu._0174_,232.41
u_imem.addr\[3\],232.04
net337,232
u_dmem.read_data\[12\],231.64
u_alu._0379_,231.34
u_alu.Negative,230.94
u_alu._0830_,230.7
u_pc_next_logic._0469_,230.49
u_alu.B\[6\],230.11
u_alu._1053_,230.1
u_alu._0423_,229.34
u_alu._0669_,228.72
u_alu.Result\[3\],228.22
net19,227.3
u_alu._0369_,227.18
u_dmem.read_data\[11\],225.6
u_alu._0383_,224.9
u_pc_next_logic._0225_,224.72
u_branch_unit.rs1_val\[6\],224.5
u_alu.Result\[24\],222.74
u_branch_unit.rs1_val\[7\],222.68
u_dmem.read_data\[10\],222.34
u_alu._0107_,222.32
net99,220.72
u_pc_next_logic._0343_,220.48
u_alu._0235_,220.34
u_alu._0963_,219.42
net403,218.74
u_branch_unit.rs1_val\[4\],218.72
net295,218.48
net374,217.2
u_pc_next_logic._0451_,215.16
net323,214.9
u_alu._0781_,214.82
u_pc_next_logic._0430_,214.74
u_wb_mux._024_,214.34
net358,213.38
net105,213.36
u_pc_next_logic._0407_,212.36
u_branch_unit.rs1_val\[5\],212.16
u_dmem.dout0_sram\[31\],212.11
net276,211.42
u_alu._0415_,210.34
u_alu._0744_,209.895
u_alu.B\[4\],209.54
u_alu._0532_,209.42
net339,209.1
u_alu.B\[17\],208.24
u_alu._0165_,208.04
net246,207.5
net343,207.42
net327,207.08
u_alu._1026_,207.02
u_dmem.dout0_sram\[29\],205.99
net143,203.46
dbg_wb_data[14],203.02
net286,202.84
net402,202.7
net338,202.42
dbg_wb_data[24],201.98
u_alu._0010_,201.72
u_alu.A\[3\],201.24
u_alu._0801_,201.12
net101,200.98
u_alu._0621_,200.765
u_alu._0842_,200.54
net164,198.68
u_wb_mux._003_,198.04
u_alu._0361_,197.15
dbg_pc_current[0],196.76
net302,196.48
u_alu._0407_,196.16
u_dmem.dout0_sram\[30\],195.33
net369,195
net8,194.96
u_alu._0099_,194.48
u_wb_mux._037_,193.95
u_alu._0734_,193.44
dbg_pc_current[12],191.98
net103,191.4
u_alu._0416_,191.36
u_alu._0382_,191.26
net237,191.14
net109,190.48
u_wb_mux._012_,190.38
u_pc_next_logic._0206_,188.82
net107,187.78
net33,187.58
u_alu._0674_,187.18
u_alu._0937_,186.92
net391,186.64
net284,185.84
net136,185.5
u_pc_next_logic._0163_,185.38
u_alu._0832_,185.18
u_alu._0808_,184.2
u_alu._0424_,183.76
u_dmem.read_data\[9\],181.78
u_wb_mux._022_,180.9
net255,180.72
net249,179.04
u_alu.B\[7\],178.845
net7,178.58
u_alu.Result\[26\],178.54
u_alu._0411_,178.52
u_alu._0409_,177.36
u_alu._0573_,177.3
net113,176.94
u_alu._0357_,176.585
u_alu.Result\[10\],176.38
u_wb_mux._005_,175.46
u_wb_mux._032_,175.31
u_pc_next_logic._0476_,174.9
u_pc_next_logic._0485_,172.52
u_alu._0385_,172.465
net316,170.96
net163,170.54
u_wb_mux._020_,170.28
net243,169.62
u_alu._0401_,168.44
u_alu.Result\[27\],167.92
u_pc_next_logic._0077_,166.4
u_branch_unit._062_,166.34
u_pc_next_logic._0338_,166.2
u_dmem.read_data\[30\],165.92
u_alu.Result\[21\],165.64
u_pc_next_logic._0368_,165.4
u_alu.Result\[4\],165.24
u_pc_next_logic.pc_plus4\[19\],165.14
net261,165.02
u_alu._0627_,164.68
u_dmem._018_,164.4
u_alu._0126_,164.04
u_alu._0478_,163.14
u_wb_mux._016_,162.96
u_pc_next_logic._0075_,162.66
u_wb_mux._018_,162.66
u_alu._0110_,162.64
net154,162.64
u_dmem.read_data\[31\],161.24
u_branch_unit._008_,161.18
u_alu._0280_,160.31
u_alu.Result\[5\],159.1
u_regfile.rd1_sram\[0\],158.51
u_wb_mux._031_,158.24
u_alu._0706_,158.12
net6,157.48
u_alu.B\[16\],156.36
u_alu.B\[18\],155.94
u_pc_next_logic.pc_plus4\[18\],155.94
net346,155.28
net294,154.78
net153,153.86
u_alu._0880_,152.8
net130,152.44
u_alu._0153_,152.02
net282,150.3
u_pc_next_logic._0168_,149.64
dbg_instr[23],149.13
_182_,148.82
u_alu._1052_,148.66
u_alu._0678_,148.36
u_alu._0326_,148.02
u_alu._0635_,147.26
u_alu._0632_,147.18
u_alu._0633_,147.16
u_alu._0306_,146.89
u_alu._0406_,146.88
u_regfile.rd1_sram\[4\],146.77
dbg_pc_current[6],145.85
u_imm_gen.imm_i\[29\],145.64
u_alu._0531_,145.5
u_pc_next_logic._0293_,145.34
u_dmem.read_data\[29\],145.27
u_alu._0431_,144.92
u_alu.B\[19\],144.74
u_regfile.rd1_sram\[3\],144.73
net196,144.64
net234,144.42
u_regfile.rd1_sram\[1\],144.39
u_alu._1015_,144.34
u_alu._0522_,144.1
u_regfile.rd1_sram\[2\],143.75
u_alu._0837_,143.74
_046_,143.455
u_pc_next_logic._0572_,143.12
net133,142.92
u_alu.B\[8\],142.74
u_alu._0928_,142.275
u_alu.Result\[19\],142.22
u_imm_gen.imm_i\[28\],142.01
u_alu._0696_,141.96
dbg_wb_data[20],141.6
net201,141.175
net135,139.98
u_dmem.dout0_sram\[8\],139.39
u_alu._0395_,139.31
u_alu._1068_,139.22
net170,139
u_imm_gen.imm_i\[27\],138.64
net288,138.42
net254,137.52
u_alu._0620_,137.485
_048_,137.385
u_alu._0288_,137.06
u_pc_next_logic._0297_,136.875
u_alu.Result\[23\],136.52
net197,136.32
dbg_instr[11],135.82
dbg_instr[22],135.65
u_alu._0147_,135.62
u_pc_next_logic._0138_,135.4
u_alu._0623_,135.32
net184,134.9
net5,134.65
_094_,134.52
net209,133.74
u_alu._0626_,133.54
u_alu._0376_,133.38
_138_,133.095
u_regfile.rd1_sram\[5\],133.03
net334,132.9
net157,132.76
u_alu._0516_,132.245
u_alu._0389_,131.98
u_pc_next_logic._0316_,131.84
u_alu._0511_,131.76
net178,131.52
u_alu._0551_,131.46
net260,131.38
u_alu._0422_,131.32
u_regfile.rd1_sram\[7\],131.22
dbg_instr[18],130.89
u_alu._0433_,130.74
u_alu._1051_,130.3
u_alu._0495_,129.98
net212,129.82
u_alu._0574_,129.36
dbg_wb_data[19],128.76
u_pc_next_logic._0289_,128.74
net250,128.62
net193,128.08
u_alu._0897_,127.96
u_alu.B\[9\],127.42
u_regfile.rd1_sram\[6\],127.35
u_decoder_controller.branch,127.34
net185,126.62
u_alu.Result\[22\],126.26
u_alu._0803_,126.06
u_alu._0798_,126.02
u_dmem.dout0_sram\[6\],125.83
u_alu._1079_,125.74
u_alu._0390_,125.62
u_alu._0605_,125.53
u_pc_next_logic._0644_,125.52
u_decoder_controller.use_pc_as_alu_a,124.95
u_alu._0888_,124.82
u_alu._0501_,123.82
u_alu._0890_,123.46
u_pc_next_logic._0523_,123.22
u_dmem.dout0_sram\[7\],122.99
u_alu._0485_,122.76
u_imm_gen.imm_i\[10\],122.34
net192,122.32
net242,121.72
u_alu._0494_,121.715
u_wb_mux._014_,121.52
u_alu.Result\[2\],121.38
u_alu._0545_,121.17
u_alu._0989_,121.06
u_imm_gen.imm_i\[16\],120.99
net353,120.94
u_alu.Result\[6\],120.78
u_alu.B\[13\],120.68
dbg_pc_current[17],120.22
u_alu._0055_,120.08
u_alu._0468_,119.62
u_alu._0904_,119.52
_002_,119.44
net2,119.41
u_decoder_controller._09_,118.78
u_alu._0692_,118.44
u_wb_mux._062_,118.01
u_alu._0340_,117.885
u_alu._1077_,117.6
net204,117.34
u_alu.B\[10\],117.1
net115,116.62
u_alu._0612_,116.02
net177,115.38
u_alu._0960_,115.1
u_alu._0807_,114.86
u_alu._0695_,114.33
u_alu.Result\[11\],114.325
u_imm_gen.imm_u\[26\],114.23
u_alu.Result\[12\],114.18
_053_,113.4
u_regfile._009_,113.2
_264_,113.08
u_alu.B\[11\],112.98
net329,112.96
u_alu._0387_,112.91
u_alu._0550_,112.8
u_alu._1021_,112.74
u_pc_next_logic._0549_,112.34
u_alu._0903_,111.8
u_imm_gen.imm_i\[31\],111.8
u_alu._0070_,111.7
u_alu._0558_,111.49
u_alu._0601_,111.36
net396,111.12
net203,110.96
u_imm_gen.imm_i\[25\],110.86
u_alu._0365_,110.84
u_alu._0997_,110.58
u_alu._0896_,110.5
u_pc_next_logic.pc_plus4\[20\],110.48
u_alu._0412_,109.88
u_decoder_controller.alu_src,109.82
u_regfile.rd1_sram\[8\],109.15
net159,109.12
u_alu.ALUControl\[2\],108.895
u_pc_next_logic._0482_,108.1
u_alu._0774_,107.74
u_alu._0670_,107.6
u_alu._0524_,107.46
u_alu._0999_,107.46
u_alu._1072_,107.28
u_dmem.read_data\[0\],106.86
u_alu._0503_,105.84
u_alu._0073_,105.2
u_alu.Result\[9\],105.14
rst_n,104.99
dbg_instr[25],104.9
net199,104.85
u_imm_gen.imm_u\[25\],104.68
net169,104.68
dbg_instr[9],104.44
u_alu._1094_,103.76
u_dmem.dout0_sram\[3\],103.67
dbg_pc_current[16],103.06
u_alu._0672_,103.06
u_pc_next_logic._0503_,102.88
u_alu.Result\[7\],102.82
u_alu.A\[27\],102.765
u_alu._0017_,102.6
net540,102.43
u_alu._0554_,102.34
u_regfile._010_,102.34
u_alu._0859_,102.14
dbg_wb_data[8],102.11
u_alu._0533_,102.04
u_alu._0730_,102
u_pc_next_logic._0648_,101.98
u_pc_next_logic._0669_,101.88
dbg_wb_data[12],101.77
u_alu._0363_,101.74
dbg_instr[8],101.68
dbg_pc_current[7],101.68
dbg_wb_data[3],101.68
dbg_instr[10],101.65
dbg_instr[31],101.65
dbg_instr[4],101.65
dbg_pc_current[24],101.65
dbg_pc_current[31],101.65
dbg_wb_data[25],101.65
u_alu.Result\[13\],101.64
dbg_instr[19],101.31
dbg_instr[24],101.31
dbg_pc_current[4],101.31
dbg_wb_data[30],101.31
u_wb_mux._057_,101.23
dbg_instr[0],101.22
dbg_instr[15],101.22
dbg_instr[16],101.22
dbg_pc_current[10],101.22
dbg_pc_current[14],101.22
dbg_pc_current[15],101.22
dbg_pc_current[1],101.22
dbg_pc_current[28],101.22
dbg_wb_data[11],101.22
dbg_wb_data[4],101.22
dbg_wb_data[5],101.22
dbg_wb_data[6],101.22
dbg_instr[27],101.09
dbg_wb_data[18],101.09
dbg_instr[20],101
dbg_instr[1],100.97
dbg_instr[26],100.97
dbg_instr[6],100.97
dbg_pc_current[27],100.97
dbg_instr[13],100.63
dbg_instr[30],100.63
dbg_wb_data[17],100.54
_086_,100.46
dbg_instr[17],100.41
dbg_pc_current[19],100.41
net13,100.41
_228_,100.345
dbg_instr[12],100.29
dbg_pc_current[21],100.29
dbg_pc_current[22],100.29
dbg_wb_data[16],100.29
dbg_wb_data[1],100.29
dbg_wb_data[9],100.29
dbg_pc_current[25],100.07
dbg_pc_current[5],100.07
dbg_wb_data[27],100.07
dbg_instr[5],99.98
dbg_wb_data[0],99.98
dbg_wb_data[13],99.98
dbg_wb_data[28],99.98
dbg_wb_data[29],99.98
dbg_pc_current[18],99.95
dbg_pc_current[8],99.95
dbg_wb_data[10],99.95
u_alu._0694_,99.94
net4,99.87
dbg_instr[28],99.61
dbg_instr[2],99.61
dbg_instr[7],99.61
dbg_pc_current[23],99.61
dbg_pc_current[3],99.61
dbg_pc_current[9],99.61
dbg_wb_data[26],99.61
dbg_instr[14],99.52
dbg_instr[21],99.52
dbg_instr[29],99.52
dbg_instr[3],99.52
dbg_pc_current[11],99.52
dbg_pc_current[13],99.52
dbg_pc_current[20],99.52
dbg_pc_current[26],99.52
dbg_pc_current[29],99.52
dbg_pc_current[2],99.52
dbg_pc_current[30],99.52
dbg_wb_data[15],99.52
dbg_wb_data[23],99.52
dbg_wb_data[2],99.52
dbg_wb_data[31],99.52
dbg_wb_data[7],99.52
net3,99.51
dbg_wb_data[21],99.4
dbg_wb_data[22],99.4
u_dmem.read_data\[5\],99.22
u_alu._0162_,99.06
u_alu._0604_,99.06
u_alu._0892_,98.82
u_pc_next_logic._0677_,98.56
u_alu._0877_,98.44
u_alu._0525_,98.32
u_pc_next_logic._0722_,97.82
net119,97.76
u_imm_gen.imm_u\[27\],97.12
u_alu._0571_,96.82
u_dmem.dout0_sram\[5\],96.79
_004_,96.54
u_pc_next_logic.pc_plus4\[28\],96.52
u_pc_next_logic._0542_,96.02
u_alu.Result\[8\],95.96
u_dmem.read_data\[4\],95.8
u_wb_mux._056_,95.34
u_alu._0454_,95.2
net223,95.04
u_alu._0466_,94.8
u_alu._0337_,94.66
u_alu._0080_,94.52
u_alu.A\[2\],94.5
u_dmem.dout0_sram\[4\],94.44
u_alu._0520_,93.665
_083_,93.5
u_alu._0234_,93.46
u_pc_next_logic.pc_plus4\[23\],93.06
u_wb_mux._006_,92.54
u_alu._0332_,92.4
u_dmem._004_,92.38
u_alu._0325_,92.2
u_alu._1108_,92.1
u_imm_gen.imm_i\[9\],92.1
u_alu._0841_,91.96
u_alu._0575_,91.8
u_alu._0030_,91.56
u_pc_next_logic._0279_,91.44
u_pc_next_logic._0570_,91.04
net541,90.9
net121,90.2
u_dmem.read_data\[1\],89.84
u_dmem.dout0_sram\[2\],89.75
u_imm_gen.imm_i\[30\],89.74
u_alu._0155_,89.64
u_alu._0368_,89.32
u_alu._0602_,89.255
u_regfile._014_,89.22
u_regfile.rd2_sram\[8\],89.11
u_imm_gen.imm_i\[26\],89.02
u_alu.B\[15\],89
u_alu._0732_,88.86
_072_,88.66
u_imm_gen.imm_i\[12\],88.58
u_alu._0345_,88.4
u_dmem.dout0_sram\[1\],88.25
u_alu._0504_,88.14
u_alu._0805_,87.88
u_pc_next_logic.pc_plus4\[29\],87.88
u_alu._0927_,87.86
u_alu._0618_,87.64
u_branch_unit._007_,87.62
net226,87.42
u_pc_next_logic._0710_,87.4
_051_,87.22
net14,87.15
net24,87.1
u_pc_next_logic.pc_plus4\[24\],87.04
u_alu.B\[12\],86.84
u_regfile.rd2_sram\[15\],86.11
u_alu._0440_,85.86
u_pc_next_logic._0021_,85.74
u_pc_next_logic.pc_plus4\[22\],85.46
u_regfile.rd1_sram\[9\],85.18
net206,85.08
u_imm_gen.imm_i\[24\],85.02
u_pc_next_logic.pc_plus4\[17\],85
u_alu._0336_,84.98
u_alu._0449_,84.88
u_alu.Result\[16\],84.8
u_alu._0954_,84.74
u_imm_gen.imm_i\[17\],84.52
u_branch_unit._107_,84.48
u_alu._0587_,84.42
u_branch_unit._039_,84.3
u_pc_next_logic.pc_plus4\[27\],84.24
u_regfile.rd2_sram\[5\],84.06
u_alu._1116_,83.74
net111,83.54
u_regfile._006_,83.02
u_alu._0068_,82.855
u_regfile.rd2_sram\[4\],82.58
u_alu._1063_,82.42
net30,82.06
u_imm_gen.imm_i\[11\],82.04
net208,81.84
u_regfile.rd2_sram\[7\],81.79
u_alu._0762_,81.62
u_imm_gen.imm_i\[8\],81.3
net221,81.2
net27,81.05
u_imm_gen.imm_i\[13\],80.78
u_alu._0158_,80.74
u_alu._0895_,80.72
u_pc_next_logic._0701_,80.66
u_alu._0557_,80.42
u_imm_gen.imm_i\[21\],80.36
u_regfile.rd2_sram\[14\],80.16
u_wb_mux.pc_plus_imm\[30\],80.14
u_alu._0346_,80.1
u_pc_next_logic.pc_plus4\[5\],79.74
u_pc_next_logic.pc_plus4\[25\],79.64
u_alu._0356_,79.62
u_regfile._001_,79.46
u_pc_next_logic._0735_,79.12
u_alu._1025_,78.78
u_alu._0350_,78.2
u_alu._0513_,78.04
u_pc_next_logic.pc_plus4\[6\],77.98
net180,77.92
u_pc_next_logic._0270_,77.78
net258,77.78
u_alu._0879_,77.76
u_imm_gen.imm_i\[6\],77.66
u_wb_mux._034_,77.55
u_pc_next_logic._0071_,77.115
_081_,77
u_wb_mux._010_,76.985
u_alu._0043_,76.785
u_regfile.rd2_sram\[13\],76.54
u_alu._0444_,76.24
u_imm_gen.imm_i\[19\],76.24
u_alu._0811_,76.16
u_alu._0438_,76.08
u_alu._0994_,75.58
u_pc_next_logic._0458_,75.56
u_dmem.read_data\[3\],75.52
net182,75.4
u_wb_mux._035_,75.26
u_regfile.rd2_sram\[6\],75.05
u_alu._0948_,75.04
u_alu._0317_,74.82
u_alu._1106_,74.72
u_regfile.rd2_sram\[30\],74.71
u_regfile.rd2_sram\[16\],74.07
u_regfile.rd2_sram\[17\],74.01
u_alu._0371_,73.97
u_regfile._005_,73.965
u_imm_gen.imm_i\[1\],73.96
u_regfile.rd2_sram\[11\],73.85
u_pc_next_logic._0490_,73.8
u_regfile._002_,73.52
u_alu._0458_,73.5
u_alu._0711_,73.48
u_alu._0420_,73.42
u_dmem.read_data\[8\],73.4
u_imm_gen.imm_i\[14\],73.34
u_imm_gen.imm_i\[18\],73.255
u_alu._0539_,73.14
u_alu._0355_,72.98
u_alu._0598_,72.8
u_alu._0564_,72.73
u_dmem.read_data\[7\],72.66
u_regfile._012_,72.52
u_alu._0995_,72.16
u_dmem.read_data\[2\],72
u_branch_unit._057_,71.84
u_pc_next_logic._0649_,71.82
u_pc_next_logic.pc_plus4\[30\],71.62
u_alu._0628_,71.46
u_regfile.rd2_sram\[31\],71.43
u_alu._0819_,70.98
net84,70.74
net232,70.58
u_regfile.rd2_sram\[9\],70.53
net240,70.4
u_wb_mux._001_,70.24
u_alu._0333_,70.1
net190,70.04
u_regfile.rd2_sram\[3\],69.79
u_alu._0827_,69.76
u_regfile.rd2_sram\[12\],69.71
net539,69.5
_015_,69.46
u_alu._0891_,69.28
net349,69.28
u_regfile.rd2_sram\[10\],69.09
net28,68.94
u_alu._0161_,68.86
_082_,68.74
u_alu._0469_,68.52
u_dmem.dout0_sram\[0\],68.46
u_alu._0429_,68.43
u_alu._0869_,68.36
u_alu._0426_,68.28
net210,68.26
u_alu._0338_,68.06
u_pc_next_logic.pc_plus4\[26\],68.06
u_imm_gen.imm_i\[15\],67.76
net225,67.66
u_alu._0847_,67.54
u_regfile._013_,67.52
u_pc_next_logic.pc_plus4\[8\],67.5
u_alu._0906_,67.48
u_regfile._008_,67.44
net387,67.36
u_dmem.read_data\[6\],67.32
u_branch_unit._070_,67.26
u_alu._0577_,67.22
u_alu._0318_,67.14
u_alu._0930_,67.02
net326,67.02
u_wb_mux._059_,67.01
u_alu._0625_,66.94
_055_,66.72
u_alu._0391_,66.66
u_alu._0477_,66.44
u_alu._0883_,66.4
net202,66.38
u_alu._0526_,66.32
u_imm_gen.imm_i\[0\],66.28
u_alu._0330_,66.22
net187,66.02
u_regfile.rd2_sram\[27\],65.97
u_regfile.rd2_sram\[29\],65.67
u_alu._0046_,65.64
u_alu._0397_,65.64
u_pc_next_logic._0681_,65.63
u_alu._1090_,65.5
u_alu.B\[14\],65.435
u_regfile.rd2_sram\[2\],65.36
u_alu._0442_,65.3
net29,65.28
u_alu._0868_,64.96
u_regfile.rd2_sram\[24\],64.95
u_wb_mux._000_,64.88
u_alu._0322_,64.71
u_pc_next_logic.pc_plus4\[7\],64.66
u_regfile.rd2_sram\[26\],64.53
u_dmem._028_,64.43
u_alu._0335_,64.32
net116,64.18
u_alu._0898_,64.14
net17,64.07
u_pc_next_logic._0569_,63.94
u_pc_next_logic._0758_,63.92
u_alu._1006_,63.75
net333,63.72
u_wb_mux._060_,63.64
_017_,63.47
u_alu._1107_,63.38
u_alu._0196_,63.24
u_alu._0450_,63.16
u_alu._0287_,63.12
u_alu._0681_,62.98
u_alu._0826_,62.9
u_alu._0596_,62.76
u_pc_next_logic._0457_,62.68
u_alu._0953_,62.52
u_decoder_controller.wb_sel\[0\],62.52
u_pc_next_logic._0000_,62.42
u_pc_next_logic._0190_,62.42
u_pc_next_logic._0062_,62.18
net222,61.94
u_regfile.rd1_sram\[18\],61.82
u_alu._0861_,61.6
u_pc_next_logic._0492_,61.52
net214,61.38
net542,61.315
u_alu._0866_,61.14
net124,60.78
u_regfile._016_,60.66
u_alu._0452_,60.52
u_regfile.rd2_sram\[25\],60.41
u_pc_next_logic.pc_plus4\[10\],60.38
u_regfile.rd2_sram\[23\],60.18
u_alu._0428_,60.14
u_alu._0603_,60.08
u_regfile.rd2_sram\[28\],59.97
u_pc_next_logic._0271_,59.92
u_alu._0238_,59.9
u_alu._0446_,59.78
u_alu._0828_,59.62
u_decoder_controller._11_,59.58
u_pc_next_logic._0426_,59.52
net16,59.37
u_regfile._015_,59.34
u_wb_mux._009_,59.32
u_alu._1046_,59.2
u_pc_next_logic.pc_plus4\[11\],59.06
u_pc_next_logic.pc_plus4\[14\],58.92
u_alu._0984_,58.9
u_imm_gen.imm_u\[30\],58.9
u_regfile._007_,58.9
u_wb_mux.pc_plus_imm\[26\],58.74
u_alu._0463_,58.56
u_alu._0858_,58.44
u_pc_next_logic._0718_,58.38
u_alu._0737_,58.16
u_imm_gen.imm_u\[16\],58.04
u_alu._0437_,58.02
u_imm_gen.imm_i\[2\],57.9
u_pc_next_logic._0532_,57.82
u_alu._0651_,57.8
_024_,57.66
net336,57.52
u_branch_unit._073_,57.5
u_alu._0394_,57.46
u_alu._0831_,57.32
net15,57.3
u_alu._0634_,57.18
u_alu._0918_,57.08
u_alu._0187_,57.06
u_alu._0838_,56.94
u_pc_next_logic._0720_,56.84
u_alu._0419_,56.74
u_alu._0920_,56.62
_049_,56.56
_018_,56.46
u_alu._0820_,56.4
_084_,56.34
u_alu._0716_,56.3
u_alu.Result\[18\],56.22
u_pc_next_logic._0281_,56.18
u_alu._0538_,56.1
u_alu._0998_,55.94
u_pc_next_logic._0267_,55.68
u_alu._0607_,55.62
u_pc_next_logic._0322_,55.61
u_regfile.rd1_sram\[20\],55.59
u_alu._0946_,55.44
u_imem.addr\[6\],55.38
u_alu._0472_,55.26
u_imm_gen.imm_i\[20\],55.26
_010_,55.02
u_alu._0310_,54.98
u_alu._0968_,54.98
u_pc_next_logic.pc_plus4\[4\],54.84
u_pc_next_logic._0674_,54.82
u_alu._0652_,54.72
u_alu._0195_,54.68
u_imm_gen.imm_i\[3\],54.425
u_alu._0556_,54.4
u_regfile.rd2_sram\[1\],54.39
u_pc_next_logic.pc_next\[2\],54.24
u_alu._0150_,54.14
u_alu._0709_,53.8
_089_,53.76
u_pc_next_logic._0331_,53.6
u_alu._1016_,53.5
u_alu._0688_,53.42
u_pc_next_logic._0034_,53.405
_127_,53.2
u_pc_next_logic._0001_,53.2
u_alu._0962_,53.1
u_pc_next_logic._0614_,53.08
u_alu._0439_,53.06
u_alu._0772_,53.04
net398,53.01
u_pc_next_logic._0315_,52.88
u_alu._0185_,52.66
u_regfile.rd2_sram\[0\],52.61
u_alu._0791_,52.6
net310,52.56
u_alu._0659_,52.5
u_pc_next_logic._0302_,52.5
u_wb_mux._058_,52.48
u_alu._1012_,52.38
u_alu._0209_,52.2
u_alu_control.alu_op\[0\],52.2
u_imm_gen.imm_u\[29\],52.18
u_alu._0321_,52.12
u_alu._0570_,52.08
u_regfile.rd2_sram\[22\],52.07
u_alu._0459_,52.04
u_decoder_controller._02_,51.92
u_alu._0455_,51.78
u_wb_mux.pc_plus_imm\[27\],51.68
u_alu._1008_,51.56
u_pc_next_logic._0762_,51.54
u_alu._0718_,51.36
u_alu._0872_,51.32
u_regfile.rd1_sram\[10\],51.23
u_regfile.rd1_sram\[11\],51.01
u_regfile.rd1_sram\[19\],50.92
u_pc_next_logic._0679_,50.915
u_alu._0955_,50.86
net125,50.78
u_alu._0630_,50.56
u_alu._0347_,50.445
u_alu._0764_,50.375
u_alu._0993_,50.21
net11,50.17
_088_,50.12
u_alu._0502_,50.12
u_alu._0849_,50.08
u_alu._1093_,49.98
u_regfile.rd1_sram\[21\],49.89
u_pc_next_logic._0387_,49.86
u_alu._0610_,49.7
net18,49.57
u_regfile.rd2_sram\[19\],49.53
u_pc_next_logic._0571_,49.46
u_alu._1022_,49.36
u_pc_next_logic._0465_,49.18
u_regfile._004_,49.16
u_pc_next_logic._0486_,49.1
net348,49.1
net127,48.86
u_pc_next_logic._0082_,48.84
u_regfile.rd1_sram\[23\],48.81
u_decoder_controller._05_,48.8
u_pc_next_logic._0059_,48.58
u_pc_next_logic.pc_plus4\[31\],48.52
u_alu._0471_,48.44
u_alu._0467_,48.42
u_pc_next_logic._0290_,48.26
u_regfile.rd1_sram\[22\],48.07
u_alu._0054_,48.06
net244,47.99
u_pc_next_logic._0389_,47.98
u_wb_mux.pc_plus_imm\[25\],47.74
u_imm_gen.imm_u\[19\],47.64
u_alu._0388_,47.6
u_branch_unit._051_,47.58
net543,47.16
u_alu._0294_,47.12
u_imm_gen.imm_u\[17\],47.06
u_alu._1112_,47.04
_167_,47.02
u_alu._1076_,46.96
net31,46.95
u_pc_next_logic._0214_,46.94
u_pc_next_logic._0174_,46.8
u_pc_next_logic._0636_,46.72
u_alu._0958_,46.64
net213,46.64
u_alu._0982_,46.56
_019_,46.52
net189,46.37
u_alu._0091_,46.33
u_alu._0680_,46.32
u_decoder_controller.wb_sel\[2\],46.3
u_alu._0436_,46.18
u_alu._0555_,46.18
u_alu._0836_,46.02
u_pc_next_logic._0676_,45.72
u_imm_gen.imm_i\[23\],45.6
u_regfile.rd2_sram\[18\],45.45
u_alu._0797_,45.44
u_pc_next_logic._0376_,45.44
net26,45.43
u_alu._0552_,45.22
u_pc_next_logic._0559_,45.2
u_alu._0765_,45.14
u_alu._0217_,44.96
u_pc_next_logic._0686_,44.88
u_alu._0586_,44.82
u_pc_next_logic._0204_,44.82
u_alu._0905_,44.8
u_imm_gen.imm_u\[18\],44.74
_157_,44.72
u_alu._0825_,44.68
u_alu._0262_,44.56
u_alu.Result\[30\],44.44
u_imm_gen.imm_u\[14\],44.38
u_alu._0278_,44.28
u_alu._0682_,44.26
net207,44.18
u_alu._0741_,44.15
net172,44.1
net216,44.1
u_pc_next_logic._0250_,44.04
u_pc_next_logic._0404_,44
u_alu._0983_,43.96
u_alu._0293_,43.94
_185_,43.8
u_dmem.dout0_sram\[18\],43.79
_122_,43.76
u_alu._0541_,43.66
u_alu._0546_,43.66
u_alu._0792_,43.66
_149_,43.5
u_imm_gen.imm_i\[22\],43.495
u_pc_next_logic.pc_plus4\[3\],43.46
u_pc_next_logic._0187_,43.28
u_pc_next_logic._0288_,43.28
u_alu._0882_,43.27
u_pc_next_logic._0531_,43.24
u_alu._0733_,43.16
net9,43.04
u_pc_next_logic._0446_,43.02
net200,43
u_alu._1011_,42.98
u_alu._0374_,42.7
u_alu._0884_,42.7
u_dmem.dout0_sram\[13\],42.7
_026_,42.68
u_alu._0793_,42.68
u_alu.Result\[15\],42.66
u_alu._0757_,42.66
u_alu._0101_,42.58
u_alu._0460_,42.58
u_pc_next_logic._0435_,42.5
u_alu._0358_,42.46
u_pc_next_logic._0643_,42.42
u_alu.Result\[31\],42.4
u_alu._0112_,42.4
u_alu._0650_,42.275
u_alu._0418_,42.2
u_alu._0714_,42.1
u_alu._0045_,41.945
u_alu._0373_,41.92
u_alu._0660_,41.77
u_alu._0334_,41.7
u_alu._0874_,41.695
u_alu._0067_,41.64
u_regfile.rd1_sram\[27\],41.63
u_pc_next_logic._0769_,41.625
u_pc_next_logic._0515_,41.6
u_alu._0489_,41.56
u_alu._0582_,41.52
u_pc_next_logic._0651_,41.4
u_pc_next_logic._0656_,41.4
u_regfile.rd2_sram\[21\],41.33
u_alu._0300_,41.1
u_alu._0759_,41.1
u_imm_gen.imm_u\[23\],41.1
net181,41.04
u_dmem.dout0_sram\[14\],40.91
u_alu._1020_,40.9
u_alu._0331_,40.82
u_wb_mux.pc_plus_imm\[29\],40.82
u_pc_next_logic._0201_,40.78
_211_,40.68
u_alu._0464_,40.68
u_pc_next_logic._0633_,40.64
u_alu._0372_,40.52
u_pc_next_logic._0366_,40.48
u_pc_next_logic._0183_,40.38
u_alu._0506_,40.28
net175,40.22
u_dmem.dout0_sram\[12\],40.19
_214_,40.14
u_pc_next_logic._0323_,40.14
u_pc_next_logic._0575_,40.04
u_pc_next_logic._0556_,39.98
u_pc_next_logic._0670_,39.98
u_pc_next_logic._0707_,39.8
u_pc_next_logic._0386_,39.74
u_regfile.rd1_sram\[15\],39.61
u_regfile.rd1_sram\[14\],39.51
u_alu._0743_,39.48
_200_,39.46
u_decoder_controller.wb_sel\[1\],39.33
u_alu._1024_,39.06
u_alu._0319_,38.92
u_alu._0677_,38.82
u_pc_next_logic._0402_,38.82
u_pc_next_logic._0282_,38.8
u_alu._0608_,38.64
u_alu._0076_,38.605
u_alu._0611_,38.6
u_imm_gen.imm_i\[5\],38.58
u_imm_gen.imm_j\[18\],38.46
u_alu._0617_,38.38
u_alu._1040_,38.32
u_dmem.dout0_sram\[11\],38.3
u_regfile._011_,38.24
u_pc_next_logic._0105_,38.12
u_pc_next_logic._0085_,38.08
_251_,37.9
u_pc_next_logic.pc_plus4\[16\],37.9
u_pc_next_logic.pc_plus4\[9\],37.88
u_alu._0641_,37.82
u_pc_next_logic._0172_,37.82
u_pc_next_logic._0749_,37.8
u_alu._0200_,37.74
_016_,37.72
u_alu._0299_,37.705
u_pc_next_logic._0765_,37.7
u_pc_next_logic._0680_,37.6
_196_,37.58
u_alu._0290_,37.54
u_pc_next_logic._0180_,37.5
u_pc_next_logic._0650_,37.48
u_alu._0987_,37.42
net382,37.42
u_alu._0666_,37.4
u_regfile.rd1_sram\[24\],37.33
u_regfile.rd1_sram\[12\],37.31
_110_,37.28
u_alu._0818_,37.2
_190_,37.18
u_alu._0077_,37.14
_219_,37.02
u_pc_next_logic._0603_,37
u_regfile.rd1_sram\[13\],36.97
u_alu._0462_,36.94
u_pc_next_logic._0006_,36.86
u_pc_next_logic._0553_,36.86
u_decoder_controller._08_,36.82
u_alu._0748_,36.76
_014_,36.74
u_pc_next_logic._0332_,36.72
u_alu._0447_,36.64
u_pc_next_logic._0506_,36.54
u_alu._0940_,36.46
u_pc_next_logic.pc_plus4\[12\],36.42
u_dmem.dout0_sram\[27\],36.35
u_alu._0693_,36.26
u_dmem.dout0_sram\[21\],36.21
u_alu._0736_,36.06
u_alu._0476_,36.04
u_pc_next_logic._0474_,36.02
u_pc_next_logic._0746_,35.88
u_pc_next_logic._0543_,35.86
u_pc_next_logic._0227_,35.76
u_alu._0039_,35.72
u_alu._0413_,35.46
_207_,35.43
u_pc_next_logic._0153_,35.42
u_alu._0581_,35.38
u_alu._0909_,35.38
u_pc_next_logic._0715_,35.38
u_alu._0461_,35.34
u_imm_gen.imm_u\[15\],35.34
u_alu._0893_,35.205
u_dmem.dout0_sram\[20\],35.15
u_alu._0443_,35.12
u_alu._0047_,35.08
net366,35.045
u_dmem.dout0_sram\[24\],34.99
u_pc_next_logic._0318_,34.88
u_dmem.dout0_sram\[15\],34.87
u_pc_next_logic._0369_,34.84
u_pc_next_logic._0683_,34.84
u_pc_next_logic._0766_,34.84
u_wb_mux.pc_plus_imm\[20\],34.8
u_pc_next_logic._0428_,34.76
u_pc_next_logic._0215_,34.74
u_regfile.rd2_sram\[20\],34.73
_155_,34.66
u_dmem.dout0_sram\[23\],34.65
_165_,34.6
u_pc_next_logic._0325_,34.6
u_pc_next_logic._0589_,34.54
u_pc_next_logic._0035_,34.52
u_alu._0547_,34.48
u_regfile.rd1_sram\[26\],34.45
u_regfile.rd1_sram\[28\],34.41
u_alu._0777_,34.4
_009_,34.38
u_regfile.rd1_sram\[25\],34.35
u_alu._0479_,34.34
u_alu._0655_,34.34
u_pc_next_logic._0244_,34.32
u_pc_next_logic._0500_,34.18
u_alu._1044_,34.14
u_dmem.dout0_sram\[16\],34.09
u_alu._0270_,34.06
u_alu._1039_,34.06
u_pc_next_logic._0471_,34.04
u_alu._0069_,34.02
u_pc_next_logic._0246_,33.96
u_pc_next_logic._0661_,33.96
u_alu._0146_,33.92
u_pc_next_logic._0484_,33.92
u_dmem.dout0_sram\[28\],33.81
_001_,33.8
_146_,33.8
u_dmem.dout0_sram\[17\],33.77
u_pc_next_logic._0046_,33.72
u_pc_next_logic._0371_,33.68
_012_,33.64
u_pc_next_logic._0662_,33.62
u_pc_next_logic._0525_,33.6
u_branch_unit._094_,33.58
u_alu._0255_,33.54
u_alu._0936_,33.5
u_alu._0969_,33.5
u_dmem.dout0_sram\[9\],33.49
u_pc_next_logic._0096_,33.44
u_alu._0921_,33.42
u_alu._0160_,33.38
u_pc_next_logic._0705_,33.36
u_alu._0092_,33.3
u_pc_next_logic._0511_,33.3
u_pc_next_logic._0292_,33.26
u_alu._0348_,33.22
u_pc_next_logic._0041_,33.22
u_pc_next_logic._0684_,33.2
u_alu._0663_,33.04
u_pc_next_logic._0761_,33.02
u_pc_next_logic._0078_,33
u_pc_next_logic._0170_,32.98
u_pc_next_logic._0558_,32.92
u_pc_next_logic._0753_,32.76
u_imm_gen.imm_u\[20\],32.72
_042_,32.68
u_pc_next_logic._0358_,32.62
u_pc_next_logic._0756_,32.62
_180_,32.58
u_alu._0060_,32.56
u_alu._0723_,32.52
u_alu.Result\[14\],32.46
u_pc_next_logic._0608_,32.44
u_alu._1061_,32.22
u_imm_gen.imm_u\[12\],32.18
u_alu._1105_,32.16
u_pc_next_logic._0327_,32.12
u_pc_next_logic._0594_,32.1
u_pc_next_logic._0298_,32.08
u_pc_next_logic._0191_,32.04
u_alu._0871_,32
u_dmem.dout0_sram\[22\],32
_130_,31.96
u_alu._0961_,31.96
u_dmem.dout0_sram\[26\],31.85
u_alu._0133_,31.78
u_pc_next_logic._0419_,31.74
_067_,31.68
u_alu.Result\[17\],31.58
u_alu._0470_,31.56
u_alu._0740_,31.56
u_imm_gen.imm_u\[24\],31.56
u_imm_gen.imm_i\[4\],31.53
u_pc_next_logic._0666_,31.495
u_pc_next_logic._0255_,31.46
u_alu._1014_,31.2
net233,31.195
_144_,31.16
u_pc_next_logic._0233_,31.08
u_alu._1067_,31
u_alu.Result\[29\],30.96
_068_,30.92
_203_,30.92
u_alu._0754_,30.92
u_alu._0786_,30.92
u_alu._0985_,30.92
u_alu._0304_,30.9
u_pc_next_logic._0671_,30.88
u_alu._0668_,30.84
u_alu._0758_,30.84
u_alu._0560_,30.82
u_pc_next_logic._0203_,30.78
u_wb_mux.pc_plus_imm\[28\],30.7
u_alu._0024_,30.68
u_alu._0044_,30.645
u_pc_next_logic._0612_,30.54
u_alu._0543_,30.52
u_pc_next_logic._0379_,30.52
u_alu._0328_,30.48
u_branch_unit._105_,30.48
u_imm_gen.imm_j\[10\],30.48
u_pc_next_logic._0440_,30.44
u_alu._0776_,30.36
u_alu._0159_,30.34
u_alu._1087_,30.32
u_pc_next_logic._0321_,30.28
u_dmem.dout0_sram\[10\],30.17
u_pc_next_logic._0283_,30.16
net188,30.12
u_branch_unit._013_,30.06
u_pc_next_logic._0032_,30.04
u_pc_next_logic._0045_,29.94
u_regfile.rd1_sram\[16\],29.93
u_alu._0992_,29.82
u_pc_next_logic._0628_,29.82
u_pc_next_logic._0507_,29.74
u_alu._0785_,29.7
u_alu._0839_,29.7
u_alu._0403_,29.64
u_alu._0959_,29.64
u_pc_next_logic.pc_plus4\[15\],29.6
u_pc_next_logic._0285_,29.56
_141_,29.54
u_alu._0246_,29.54
u_pc_next_logic._0135_,29.54
net205,29.54
u_pc_next_logic._0022_,29.48
u_alu._0272_,29.38
u_alu._0850_,29.38
u_wb_mux._065_,29.38
u_pc_next_logic._0675_,29.32
u_alu._0887_,29.22
u_pc_next_logic._0418_,29.2
u_alu._0667_,29.12
u_dmem.dout0_sram\[25\],29.11
_187_,29.06
u_alu._0053_,29.04
u_pc_next_logic._0688_,29.04
u_pc_next_logic.pc_plus4\[13\],28.98
u_alu._0456_,28.94
u_alu._0742_,28.9
u_alu._0592_,28.86
net227,28.775
u_alu._1048_,28.76
u_pc_next_logic.pc_plus4\[21\],28.76
u_pc_next_logic._0424_,28.68
u_pc_next_logic._0086_,28.62
u_pc_next_logic._0459_,28.62
u_pc_next_logic._0580_,28.595
_006_,28.56
u_wb_mux.pc_plus_imm\[24\],28.54
u_imm_gen.imm_u\[13\],28.48
u_pc_next_logic._0460_,28.46
u_pc_next_logic._0597_,28.44
u_pc_next_logic._0235_,28.415
_044_,28.38
u_pc_next_logic._0691_,28.34
u_alu._0860_,28.22
u_regfile.rd1_sram\[29\],28.18
u_regfile.rd1_sram\[17\],28.15
u_pc_next_logic._0729_,28.12
u_alu._0645_,28.08
u_alu._0123_,28.06
u_pc_next_logic._0326_,28.04
_204_,27.96
u_alu._0834_,27.94
u_pc_next_logic._0299_,27.94
_213_,27.84
u_alu._0862_,27.755
u_alu._0717_,27.7
u_alu._0190_,27.66
u_alu._0434_,27.64
u_pc_next_logic._0687_,27.64
u_alu._0809_,27.6
u_alu._0915_,27.6
u_alu._0864_,27.58
u_alu._0327_,27.52
u_wb_mux._033_,27.5
u_pc_next_logic._0502_,27.48
u_alu._0488_,27.41
u_alu._0236_,27.36
u_imm_gen.imm_u\[21\],27.32
u_alu._0855_,27.26
u_dmem.dout0_sram\[19\],27.25
u_alu._0766_,27.22
u_pc_next_logic._0625_,27.18
_120_,27.16
u_alu._0829_,27.135
u_pc_next_logic._0668_,27.08
u_alu._0051_,27.02
u_alu._0593_,27.02
u_pc_next_logic._0678_,27.02
u_pc_next_logic._0620_,26.96
u_pc_next_logic._0185_,26.9
u_branch_unit._088_,26.895
u_pc_next_logic._0604_,26.88
u_pc_next_logic._0698_,26.845
u_alu._0062_,26.78
u_alu._1071_,26.74
u_pc_next_logic._0139_,26.68
_174_,26.64
u_alu._0095_,26.62
u_alu._0108_,26.62
u_alu._0815_,26.58
u_alu._0113_,26.56
u_pc_next_logic._0742_,26.52
u_alu._0956_,26.48
u_alu._0295_,26.36
u_pc_next_logic._0410_,26.3
u_dmem.csb0_sram,26.28
u_pc_next_logic._0654_,26.28
u_alu._0715_,26.235
u_regfile.rd1_sram\[31\],26.21
u_alu._1103_,26.18
_252_,26.16
u_pc_next_logic._0229_,26.16
u_alu._0894_,26.14
u_alu._1091_,26.14
u_alu._0081_,26.12
u_alu._0192_,26.1
u_alu._1060_,26.1
_222_,26.02
u_alu._0572_,25.98
u_pc_next_logic._0132_,25.94
u_pc_next_logic._0453_,25.9
u_pc_next_logic._0324_,25.74
u_regfile.rd1_sram\[30\],25.69
u_pc_next_logic._0415_,25.68
u_branch_unit._036_,25.64
u_pc_next_logic._0554_,25.64
u_alu._0313_,25.6
u_pc_next_logic._0351_,25.54
_040_,25.48
u_pc_next_logic._0622_,25.42
u_pc_next_logic._0624_,25.28
u_pc_next_logic._0341_,25.22
_145_,25.14
u_pc_next_logic._0660_,25.14
u_alu._0925_,25.12
u_alu._0215_,25.1
u_alu._0553_,25.035
u_decoder_controller._00_,25
u_pc_next_logic._0334_,25
_153_,24.98
u_pc_next_logic._0696_,24.98
u_branch_unit._018_,24.96
u_pc_next_logic._0487_,24.96
u_pc_next_logic._0721_,24.96
net21,24.96
u_pc_next_logic._0148_,24.94
u_alu._0473_,24.92
u_alu._0289_,24.84
u_imm_gen.imm_i\[7\],24.84
u_alu._0935_,24.76
u_pc_next_logic._0734_,24.76
_038_,24.72
u_pc_next_logic._0367_,24.66
u_pc_next_logic._0377_,24.66
u_pc_next_logic._0665_,24.6
u_alu._0097_,24.58
_066_,24.54
_126_,24.54
u_alu._0367_,24.54
u_branch_unit._027_,24.48
net224,24.48
_078_,24.46
_124_,24.46
u_pc_next_logic._0585_,24.46
u_pc_next_logic._0581_,24.435
_054_,24.34
u_alu._0323_,24.34
u_alu._0902_,24.34
net229,24.32
u_branch_unit._000_,24.3
_143_,24.18
u_pc_next_logic._0312_,24.14
_107_,24.1
u_pc_next_logic._0005_,24.1
u_alu._1073_,24.08
net69,24.08
_205_,24.06
_065_,24.04
u_pc_next_logic._0019_,24.04
u_pc_next_logic._0211_,24.04
u_alu._1115_,23.94
u_pc_next_logic._0599_,23.92
net66,23.92
_215_,23.88
_052_,23.86
u_alu._0145_,23.82
u_alu._0559_,23.82
u_alu._0298_,23.78
u_pc_next_logic._0175_,23.74
u_pc_next_logic._0380_,23.74
u_pc_next_logic._0449_,23.74
u_alu._0132_,23.68
_013_,23.66
u_pc_next_logic._0657_,23.66
u_alu._0796_,23.64
u_imm_gen.imm_u\[28\],23.64
u_alu._0398_,23.6
_079_,23.58
u_branch_unit._106_,23.565
u_alu._1102_,23.56
u_dmem.web0_sram,23.56
net228,23.54
u_alu._0268_,23.5
u_dmem._019_,23.5
u_pc_next_logic._0725_,23.46
u_branch_unit._041_,23.43
u_alu._1075_,23.42
u_pc_next_logic._0113_,23.42
u_pc_next_logic._0613_,23.37
u_decoder_controller._03_,23.35
_011_,23.34
u_alu.ALUControl\[1\],23.34
u_alu._1065_,23.34
u_alu._0307_,23.32
u_alu._0597_,23.305
u_alu._0308_,23.3
u_pc_next_logic._0391_,23.3
u_pc_next_logic._0499_,23.22
u_dmem._030_,23.2
u_pc_next_logic._0491_,23.2
u_pc_next_logic._0092_,23.16
u_pc_next_logic._0529_,23.16
u_alu._0182_,23.155
u_pc_next_logic._0161_,23.12
u_pc_next_logic._0520_,23.12
net32,23.09
u_pc_next_logic._0093_,23.08
u_alu._0094_,23.06
u_decoder_controller.reg_write,23.04
u_pc_next_logic._0606_,23.04
u_alu._0359_,23.03
u_pc_next_logic._0566_,22.98
u_alu._1089_,22.96
u_pc_next_logic._0655_,22.96
u_alu._0221_,22.92
u_pc_next_logic._0195_,22.92
u_alu.ALUControl\[3\],22.88
u_decoder_controller._01_,22.88
u_alu._0078_,22.86
u_alu._0224_,22.84
u_branch_unit._097_,22.8
u_alu._0105_,22.76
u_pc_next_logic._0218_,22.76
_212_,22.72
u_pc_next_logic._0748_,22.72
u_alu._1019_,22.68
u_alu._1049_,22.68
u_regfile._003_,22.68
_059_,22.62
u_pc_next_logic._0372_,22.62
u_pc_next_logic._0640_,22.62
net23,22.59
_229_,22.54
u_pc_next_logic._0737_,22.52
u_alu._0588_,22.48
u_alu._0683_,22.44
u_pc_next_logic._0274_,22.4
_192_,22.36
u_alu._1036_,22.36
u_pc_next_logic._0736_,22.36
u_pc_next_logic._0260_,22.32
u_pc_next_logic._0564_,22.32
net91,22.32
u_pc_next_logic._0400_,22.3
net218,22.3
u_alu._0353_,22.28
u_alu._1043_,22.26
u_branch_unit._011_,22.26
u_branch_unit._116_,22.26
u_branch_unit._043_,22.23
net20,22.21
u_pc_next_logic._0027_,22.19
_077_,22.16
u_branch_unit._004_,22.16
u_pc_next_logic._0209_,22.16
u_alu._0352_,22.14
u_pc_next_logic._0534_,22.12
u_pc_next_logic._0619_,22.12
u_pc_next_logic._0025_,22.1
u_alu._0974_,22.08
u_decoder_controller.mem_write,22.08
net453,22.05
u_imm_gen.imm_j\[28\],22.04
_057_,22.02
u_pc_next_logic._0526_,22.02
_113_,22
u_alu._0266_,21.98
u_branch_unit._002_,21.98
u_pc_next_logic._0713_,21.98
u_alu._0778_,21.96
u_pc_next_logic._0254_,21.96
u_pc_next_logic._0450_,21.96
net95,21.96
u_pc_next_logic._0200_,21.92
u_pc_next_logic._0586_,21.92
u_pc_next_logic._0304_,21.88
u_pc_next_logic._0335_,21.86
net80,21.86
u_alu._0769_,21.82
_050_,21.8
u_dmem._031_,21.7
u_pc_next_logic._0084_,21.7
u_pc_next_logic._0716_,21.7
u_alu._0201_,21.68
u_branch_unit._019_,21.68
u_alu._0767_,21.66
u_alu._1018_,21.66
u_wb_mux._017_,21.58
u_alu._0487_,21.56
u_pc_next_logic._0373_,21.5
u_alu._0104_,21.48
u_alu._1038_,21.48
u_alu._0380_,21.46
u_pc_next_logic._0286_,21.42
_161_,21.38
u_pc_next_logic._0731_,21.38
u_branch_unit._029_,21.34
u_pc_next_logic._0329_,21.34
_070_,21.28
u_pc_next_logic._0623_,21.24
u_pc_next_logic._0752_,21.24
u_alu._0314_,21.215
u_pc_next_logic._0259_,21.215
u_branch_unit._014_,21.14
u_pc_next_logic._0038_,21.14
u_dmem._032_,21.12
u_branch_unit._021_,21.095
u_imm_gen.imm_j\[23\],21.09
u_alu._0004_,21.04
u_pc_next_logic._0243_,21.04
_056_,21.02
u_alu._0585_,21.02
u_alu._0795_,21
u_alu._0981_,20.98
u_pc_next_logic._0605_,20.98
net92,20.94
u_alu._0789_,20.92
u_alu._0093_,20.9
u_alu._1097_,20.88
u_branch_unit._009_,20.88
u_pc_next_logic._0224_,20.86
u_alu._0578_,20.84
_080_,20.82
u_pc_next_logic._0596_,20.82
_254_,20.78
u_alu._0700_,20.78
u_pc_next_logic._0169_,20.78
net77,20.74
u_branch_unit._077_,20.68
u_pc_next_logic._0359_,20.66
u_alu._0351_,20.62
u_branch_unit._065_,20.62
u_pc_next_logic._0101_,20.62
u_pc_next_logic._0360_,20.6
_021_,20.58
_176_,20.58
_231_,20.58
u_pc_next_logic._0588_,20.58
u_alu._1050_,20.56
u_pc_next_logic._0382_,20.54
net173,20.52
u_alu._0750_,20.5
u_pc_next_logic._0251_,20.48
u_pc_next_logic._0509_,20.48
_008_,20.46
u_alu._0739_,20.46
_170_,20.44
u_pc_next_logic._0231_,20.44
u_decoder_controller._10_,20.42
u_alu._0790_,20.4
u_alu._0922_,20.4
u_pc_next_logic._0213_,20.4
u_pc_next_logic._0241_,20.4
u_pc_next_logic._0253_,20.4
u_pc_next_logic._0406_,20.4
_003_,20.36
_020_,20.36
u_alu._0873_,20.36
u_pc_next_logic._0020_,20.36
u_alu._0085_,20.34
u_alu._0977_,20.34
u_pc_next_logic._0548_,20.34
u_alu._0979_,20.33
u_alu._0947_,20.32
u_alu._1004_,20.32
u_pc_next_logic._0199_,20.32
u_alu._1098_,20.3
_007_,20.28
u_alu._0853_,20.28
u_alu._0271_,20.26
u_pc_next_logic._0068_,20.26
_129_,20.24
u_alu._0020_,20.24
u_alu._0938_,20.24
u_pc_next_logic._0247_,20.24
_168_,20.18
_033_,20.16
u_pc_next_logic._0044_,20.16
u_alu._0151_,20.12
u_pc_next_logic._0521_,20.12
u_pc_next_logic._0411_,20.1
u_alu._0421_,20.06
u_pc_next_logic._0248_,20.06
u_pc_next_logic._0468_,20.02
net217,20.02
u_pc_next_logic._0277_,20
_131_,19.96
u_branch_unit._090_,19.96
u_imm_gen.imm_u\[22\],19.96
u_alu._0009_,19.94
u_pc_next_logic._0595_,19.94
_235_,19.9
u_imm_gen.imm_j\[17\],19.9
u_branch_unit._108_,19.88
u_pc_next_logic._0311_,19.88
_240_,19.86
u_alu._0964_,19.86
u_alu._0535_,19.84
u_pc_reg._041_,19.82
_023_,19.78
net231,19.78
u_dmem._033_,19.76
u_pc_next_logic._0416_,19.76
u_pc_next_logic._0497_,19.76
net12,19.73
u_alu._0084_,19.7
u_alu._0942_,19.7
u_alu._1084_,19.7
u_pc_next_logic._0119_,19.68
u_pc_next_logic._0546_,19.62
u_pc_next_logic._0700_,19.62
u_pc_next_logic._0561_,19.6
u_alu._0457_,19.56
u_alu._1074_,19.56
_061_,19.5
_022_,19.48
u_dmem._016_,19.48
u_alu._0638_,19.46
u_dmem._020_,19.46
u_pc_next_logic._0607_,19.44
u_alu._0637_,19.43
u_branch_unit._056_,19.43
u_alu._0972_,19.42
u_alu._0544_,19.4
_047_,19.36
_198_,19.36
u_alu.B\[0\],19.36
net97,19.36
u_alu._0207_,19.32
u_alu._0787_,19.32
u_alu._1023_,19.32
u_pc_next_logic._0383_,19.32
_058_,19.3
u_alu._0941_,19.29
_241_,19.28
u_alu._0721_,19.28
u_branch_unit._022_,19.26
u_pc_next_logic._0009_,19.24
u_pc_next_logic._0533_,19.16
u_alu._0686_,19.12
u_dmem._023_,19.1
u_pc_next_logic._0551_,19.1
_125_,19.08
u_branch_unit._034_,19.08
net174,19.08
net120,19.05
u_alu._0198_,19.02
u_alu._0226_,19.02
u_branch_unit._086_,19.01
_097_,18.98
u_pc_next_logic._0278_,18.98
u_pc_next_logic._0600_,18.98
u_alu._0156_,18.92
u_branch_unit._005_,18.92
u_branch_unit._103_,18.92
u_alu._0237_,18.9
u_alu._0843_,18.9
u_pc_next_logic._0429_,18.9
u_pc_next_logic._0350_,18.88
u_pc_next_logic._0452_,18.86
u_pc_next_logic._0642_,18.82
_169_,18.78
u_pc_next_logic._0433_,18.78
u_pc_next_logic._0512_,18.78
u_pc_next_logic._0703_,18.78
u_pc_next_logic._0018_,18.74
u_alu._0035_,18.72
u_pc_next_logic._0634_,18.7
_250_,18.68
_074_,18.66
u_dmem._026_,18.66
u_alu._0445_,18.64
u_pc_next_logic._0296_,18.64
u_pc_next_logic._0397_,18.64
net93,18.64
u_alu._0910_,18.62
u_alu._1081_,18.62
u_alu._0642_,18.58
_256_,18.54
u_alu._0957_,18.52
u_alu._0041_,18.44
net126,18.44
u_wb_mux._071_,18.38
u_alu._0137_,18.36
u_alu._0923_,18.34
u_pc_next_logic._0462_,18.34
u_pc_next_logic._0349_,18.28
u_pc_next_logic._0528_,18.26
_071_,18.18
u_pc_next_logic._0221_,18.18
u_alu._0712_,18.16
u_alu._0889_,18.14
u_alu.B\[1\],18.125
_099_,18.12
u_pc_next_logic._0088_,18.11
u_alu._0057_,18.1
u_pc_next_logic._0131_,18.1
u_alu._0122_,18.08
u_pc_next_logic._0627_,18.04
u_alu._0121_,18.02
u_pc_next_logic._0489_,18.02
u_pc_next_logic._0711_,18.02
_029_,17.96
_098_,17.94
u_imm_gen.imm_j\[5\],17.92
u_dmem._021_,17.9
u_pc_next_logic.pc_next\[4\],17.88
u_alu._0644_,17.82
u_alu._1028_,17.82
u_alu._0118_,17.8
u_pc_next_logic._0207_,17.78
u_pc_next_logic._0237_,17.76
net422,17.75
_005_,17.74
_032_,17.74
u_alu._0181_,17.74
net452,17.73
u_alu._0481_,17.7
u_pc_next_logic._0508_,17.7
u_imem.addr\[5\],17.68
_201_,17.66
net123,17.65
_043_,17.64
_245_,17.64
u_alu._0264_,17.64
u_alu._0684_,17.64
net67,17.64
u_branch_unit._095_,17.62
u_pc_next_logic._0303_,17.61
u_pc_next_logic._0535_,17.6
u_alu._0728_,17.57
_210_,17.56
u_pc_next_logic._0591_,17.56
u_dmem._017_,17.54
net73,17.54
u_alu._0066_,17.52
u_pc_next_logic._0090_,17.5
net450,17.49
_092_,17.48
_104_,17.46
u_alu._0026_,17.46
u_pc_next_logic._0048_,17.46
u_alu._0951_,17.42
_036_,17.4
u_pc_reg._028_,17.4
u_alu._0486_,17.36
u_pc_next_logic._0573_,17.32
u_pc_next_logic.pc_next\[22\],17.32
net409,17.31
u_pc_next_logic._0043_,17.28
u_pc_next_logic._0179_,17.28
net423,17.27
u_alu._0117_,17.26
u_alu._0033_,17.24
u_alu._0006_,17.22
u_pc_next_logic._0026_,17.22
u_pc_next_logic._0152_,17.22
_189_,17.18
u_alu._0204_,17.18
u_branch_unit._067_,17.18
u_alu._0751_,17.16
u_imm_gen.imm_j\[11\],17.16
u_alu._0056_,17.14
u_alu._1113_,17.14
u_pc_reg._022_,17.14
u_pc_next_logic._0047_,17.105
u_pc_next_logic._0291_,17.08
net117,17.07
net411,17.05
u_alu._0705_,17.02
_060_,16.98
u_alu._0702_,16.98
u_alu._1027_,16.98
u_alu._0222_,16.94
u_pc_next_logic._0197_,16.88
net412,16.87
net444,16.87
u_pc_next_logic._0637_,16.86
u_pc_next_logic._0294_,16.84
_090_,16.82
_262_,16.82
u_alu._0120_,16.82
u_pc_next_logic._0320_,16.82
u_alu._0175_,16.8
u_dmem._027_,16.8
u_pc_next_logic._0422_,16.78
u_pc_next_logic._0193_,16.76
u_pc_next_logic._0592_,16.76
_148_,16.72
u_dmem._010_,16.72
u_dmem._013_,16.72
u_dmem._024_,16.72
_069_,16.68
net72,16.68
net521,16.67
_027_,16.64
u_branch_unit._047_,16.64
u_alu._0691_,16.62
u_alu._0164_,16.6
u_alu._0916_,16.58
_132_,16.56
u_alu._1104_,16.56
u_pc_next_logic._0479_,16.56
u_pc_next_logic._0401_,16.54
_260_,16.52
u_imm_gen.imm_j\[29\],16.52
u_pc_next_logic._0330_,16.45
u_alu._0474_,16.44
net447,16.44
u_alu._0907_,16.42
u_dmem._002_,16.42
u_dmem._012_,16.42
u_dmem._034_,16.42
u_alu._0075_,16.4
net436,16.39
u_pc_next_logic._0719_,16.38
u_pc_next_logic._0743_,16.36
u_pc_next_logic._0626_,16.34
net118,16.32
u_alu._0914_,16.3
_206_,16.28
u_alu._0267_,16.28
u_alu._0038_,16.26
u_alu._0720_,16.26
u_pc_next_logic._0280_,16.26
u_wb_mux._063_,16.26
net10,16.24
_105_,16.22
u_alu._1031_,16.22
u_alu._0184_,16.18
u_alu._0580_,16.18
u_branch_unit._040_,16.18
u_alu._0059_,16.16
_035_,16.14
_232_,16.12
u_alu._0490_,16.12
u_pc_next_logic._0156_,16.12
net439,16.11
u_alu._0613_,16.1
u_alu._0876_,16.1
u_pc_next_logic._0164_,16.1
_062_,16.06
u_pc_next_logic._0610_,16.055
net522,16.05
u_alu._0281_,16.04
u_pc_next_logic._0142_,16.04
u_pc_next_logic._0478_,15.93
u_alu._1086_,15.9
u_alu._1096_,15.89
u_pc_next_logic._0421_,15.86
u_alu._0079_,15.84
net431,15.84
net433,15.82
net432,15.81
net448,15.81
u_branch_unit._012_,15.8
u_pc_next_logic._0427_,15.8
u_alu._0441_,15.78
u_pc_next_logic._0081_,15.78
u_pc_next_logic._0493_,15.77
u_wb_mux._081_,15.76
net108,15.76
net456,15.75
net449,15.73
u_dmem._000_,15.72
u_pc_next_logic._0003_,15.72
u_pc_next_logic._0647_,15.72
net352,15.72
u_alu._0685_,15.715
net413,15.71
net429,15.68
net446,15.67
net424,15.66
net434,15.66
net440,15.66
net435,15.65
net455,15.65
u_dmem._003_,15.62
net445,15.61
net457,15.61
u_alu._0707_,15.6
net427,15.59
net428,15.58
net454,15.57
u_alu._0576_,15.56
u_alu._0008_,15.5
u_dmem._029_,15.5
u_pc_next_logic._0516_,15.5
u_pc_next_logic._0577_,15.5
net441,15.49
_236_,15.48
u_alu._0074_,15.46
net438,15.45
u_alu._0232_,15.44
u_branch_unit._061_,15.42
net426,15.42
net443,15.41
net451,15.41
net437,15.37
u_alu._0048_,15.36
u_pc_next_logic._0242_,15.36
_220_,15.34
net425,15.34
u_pc_next_logic._0697_,15.34
net442,15.33
net129,15.32
net410,15.3
net430,15.3
u_alu._0870_,15.26
u_pc_next_logic.pc_next\[20\],15.26
u_alu._0654_,15.255
_100_,15.24
u_pc_next_logic._0016_,15.225
_111_,15.22
u_branch_unit._071_,15.22
u_alu._0540_,15.18
u_alu._0738_,15.18
u_alu._0157_,15.16
u_pc_next_logic._0103_,15.16
u_pc_next_logic._0126_,15.14
u_pc_next_logic._0127_,15.14
u_branch_unit._060_,15.12
u_pc_next_logic._0112_,15.1
u_alu._0170_,15.06
u_imm_gen.imm_j\[15\],15.04
u_alu._0932_,14.98
u_wb_mux.pc_plus_imm\[31\],14.94
_253_,14.92
u_alu._0106_,14.92
u_branch_unit._045_,14.9
u_pc_next_logic._0028_,14.895
_188_,14.84
u_alu._0129_,14.84
u_pc_next_logic._0517_,14.84
net367,14.84
u_pc_next_logic._0598_,14.8
u_alu._0658_,14.78
u_alu._1066_,14.78
u_pc_next_logic._0434_,14.78
_037_,14.76
_045_,14.76
_135_,14.76
u_alu._1062_,14.76
u_pc_next_logic._0219_,14.76
net100,14.74
net102,14.74
net106,14.74
u_alu._0213_,14.72
u_alu._0852_,14.72
u_pc_next_logic._0310_,14.72
u_pc_next_logic._0337_,14.72
u_pc_next_logic._0011_,14.7
u_pc_next_logic._0196_,14.675
_064_,14.66
u_alu._0756_,14.66
net527,14.66
net110,14.65
u_pc_next_logic._0741_,14.64
u_wb_mux.pc_plus_imm\[21\],14.64
net132,14.64
u_alu._0569_,14.58
u_dmem._006_,14.58
u_dmem._007_,14.58
u_dmem._025_,14.54
u_pc_next_logic._0234_,14.54
net82,14.54
u_pc_next_logic._0024_,14.535
u_alu._0725_,14.5
u_alu._0971_,14.5
net528,14.5
u_alu._0710_,14.48
u_alu._0167_,14.46
u_dmem._022_,14.46
net408,14.46
u_pc_next_logic._0565_,14.44
u_pc_reg._039_,14.42
net219,14.41
u_pc_next_logic._0436_,14.4
net71,14.38
net78,14.38
_063_,14.36
net525,14.36
u_alu._0005_,14.34
u_alu._0929_,14.32
u_alu._1003_,14.3
u_pc_next_logic._0133_,14.3
net134,14.3
u_alu._0223_,14.28
net526,14.28
net529,14.28
u_alu._0228_,14.26
u_pc_next_logic._0555_,14.26
u_pc_next_logic._0653_,14.26
u_pc_next_logic._0770_,14.25
u_pc_next_logic._0456_,14.22
u_pc_next_logic._0264_,14.2
u_alu._0609_,14.18
u_dmem._009_,14.12
u_wb_mux.pc_plus_imm\[12\],14.12
u_pc_next_logic._0692_,14.115
net280,14.1
u_pc_next_logic._0562_,14.08
net299,14.08
_244_,14.04
net161,14.03
u_alu._0125_,14.02
u_alu._0761_,14.02
u_branch_unit._053_,14.02
_117_,14
u_alu._1092_,14
u_alu._0671_,13.98
_095_,13.96
u_alu._0719_,13.96
u_branch_unit._058_,13.96
u_pc_reg._038_,13.96
net519,13.96
u_alu._0911_,13.92
u_pc_next_logic._0319_,13.92
net166,13.89
u_imm_gen.imm_j\[16\],13.88
u_pc_next_logic._0724_,13.88
net306,13.86
u_alu._0364_,13.84
u_pc_next_logic._0309_,13.82
u_pc_next_logic._0578_,13.82
u_alu._1002_,13.8
u_pc_next_logic._0768_,13.8
_242_,13.76
u_branch_unit._063_,13.76
u_branch_unit._079_,13.76
u_alu._0521_,13.74
u_pc_next_logic._0518_,13.74
net512,13.74
u_imm_gen.imm_b\[16\],13.72
_162_,13.68
u_branch_unit._081_,13.62
u_wb_mux._067_,13.62
u_alu._1030_,13.6
u_alu._0013_,13.58
u_alu._0072_,13.56
u_dmem._011_,13.56
_087_,13.54
u_pc_next_logic._0036_,13.54
u_pc_next_logic._0408_,13.54
net332,13.54
u_alu._1032_,13.52
net151,13.52
u_alu._0312_,13.5
u_alu._0483_,13.5
u_pc_reg._020_,13.5
net345,13.5
u_alu._0283_,13.48
net513,13.47
u_imm_gen.imm_b\[29\],13.46
u_dmem._015_,13.44
u_pc_next_logic._0017_,13.44
u_pc_next_logic._0466_,13.44
u_alu._0002_,13.42
u_alu._0698_,13.4
_096_,13.38
_224_,13.38
u_branch_unit._028_,13.38
u_pc_next_logic._0365_,13.38
_028_,13.36
u_alu._0191_,13.34
net137,13.28
u_alu._0606_,13.26
net406,13.26
u_pc_next_logic._0134_,13.24
u_pc_next_logic._0538_,13.24
u_dmem._008_,13.22
_103_,13.2
u_pc_next_logic._0584_,13.2
_160_,13.18
u_alu._1083_,13.18
u_pc_next_logic._0344_,13.18
_238_,13.16
u_alu._0664_,13.16
u_pc_reg._021_,13.16
u_pc_next_logic._0539_,13.14
u_pc_next_logic._0757_,13.14
net405,13.14
u_alu._0912_,13.12
net407,13.1
net530,13.1
u_pc_next_logic._0272_,13.1
net533,13.09
u_pc_next_logic._0346_,13.08
u_pc_next_logic._0361_,13.08
net514,13.07
u_alu._0183_,13.06
u_pc_next_logic._0395_,13.06
u_pc_next_logic._0083_,13.04
u_pc_next_logic._0398_,13.04
u_pc_next_logic._0659_,13.04
u_pc_next_logic._0040_,13.02
u_alu._0194_,13
u_imm_gen.imm_b\[18\],13
net319,12.99
net291,12.96
u_alu._0144_,12.94
_114_,12.92
_186_,12.92
u_alu._0296_,12.92
u_pc_next_logic._0079_,12.92
u_pc_next_logic._0560_,12.92
u_pc_next_logic._0708_,12.92
u_pc_next_logic._0230_,12.9
u_pc_next_logic._0695_,12.9
net517,12.9
u_pc_next_logic._0425_,12.88
_034_,12.86
u_alu._0233_,12.86
net414,12.86
net417,12.86
net418,12.86
net516,12.86
u_pc_next_logic._0097_,12.84
u_alu._0090_,12.82
net421,12.82
u_pc_next_logic._0089_,12.82
u_pc_next_logic._0118_,12.8
u_alu._1082_,12.76
u_pc_next_logic._0601_,12.76
_175_,12.74
u_alu._0292_,12.72
u_pc_next_logic._0194_,12.72
u_pc_next_logic._0437_,12.72
u_alu._0381_,12.7
u_pc_next_logic._0472_,12.7
u_alu._0119_,12.69
u_imm_gen.imm_j\[27\],12.68
u_pc_next_logic._0141_,12.68
net145,12.68
net155,12.68
_209_,12.66
u_pc_next_logic._0754_,12.66
u_branch_unit._006_,12.64
u_pc_next_logic._0443_,12.64
u_pc_next_logic._0576_,12.64
net531,12.63
net532,12.63
net534,12.63
net535,12.63
net536,12.63
net537,12.63
net538,12.63
net515,12.63
net523,12.62
net141,12.62
u_pc_next_logic._0333_,12.6
u_pc_next_logic._0714_,12.6
net390,12.6
u_alu._0639_,12.58
u_alu._0802_,12.58
u_branch_unit._064_,12.58
u_pc_next_logic.pc_next\[24\],12.58
u_alu_control._05_,12.56
u_pc_next_logic._0392_,12.56
net274,12.55
_116_,12.54
u_alu._0814_,12.54
u_alu._0945_,12.54
net230,12.52
_106_,12.5
_216_,12.5
u_alu._0840_,12.5
u_alu._0857_,12.5
u_wb_mux.pc_plus_imm\[19\],12.5
u_branch_unit._001_,12.48
u_branch_unit._044_,12.48
u_pc_next_logic._0747_,12.48
u_alu._1033_,12.46
u_imm_gen.imm_j\[13\],12.42
_199_,12.4
u_branch_unit._042_,12.4
u_pc_next_logic._0355_,12.4
net510,12.38
net520,12.38
u_pc_reg._036_,12.3
_093_,12.28
u_pc_next_logic._0275_,12.24
net518,12.22
net98,12.22
net104,12.22
net112,12.22
u_pc_next_logic._0617_,12.2
u_wb_mux.pc_plus_imm\[23\],12.2
net416,12.18
net524,12.18
_039_,12.16
u_alu._0203_,12.16
u_pc_next_logic._0050_,12.16
u_pc_next_logic._0094_,12.16
u_pc_next_logic._0109_,12.16
u_pc_next_logic._0252_,12.16
u_pc_next_logic._0216_,12.15
_121_,12.08
u_pc_next_logic._0745_,12.08
u_alu._0176_,12.06
u_pc_next_logic._0353_,12.06
_041_,12.04
u_alu._1047_,12.04
u_alu._1088_,12.04
u_pc_next_logic._0307_,12.04
u_pc_next_logic._0763_,12.04
u_pc_next_logic.pc_next\[13\],12.04
u_wb_mux.pc_plus_imm\[22\],12.04
_218_,12
u_alu._0724_,12
u_imm_gen.imm_j\[19\],11.96
_164_,11.94
u_alu._1101_,11.92
u_pc_next_logic._0445_,11.92
u_alu._0214_,11.88
u_pc_next_logic._0004_,11.84
u_wb_mux._011_,11.82
net75,11.82
u_branch_unit._098_,11.8
u_alu._0484_,11.78
u_pc_next_logic._0228_,11.78
_183_,11.76
u_branch_unit._093_,11.76
u_pc_next_logic._0287_,11.76
u_wb_mux._023_,11.76
u_alu._0128_,11.74
u_wb_mux.pc_plus_imm\[11\],11.74
_030_,11.7
_221_,11.7
u_alu._0690_,11.7
u_pc_reg._013_,11.7
net511,11.7
u_wb_mux._029_,11.7
u_alu._1005_,11.66
net415,11.66
net419,11.66
net420,11.66
u_imm_gen.imm_b\[7\],11.66
_108_,11.64
u_alu._0225_,11.64
u_pc_next_logic._0638_,11.635
u_branch_unit._112_,11.6
u_pc_next_logic._0504_,11.6
_163_,11.58
u_alu._0414_,11.58
u_alu._0773_,11.58
u_pc_next_logic._0388_,11.58
u_pc_next_logic._0667_,11.58
u_pc_next_logic._0726_,11.58
u_alu._0027_,11.54
u_imm_gen.imm_j\[21\],11.54
u_dmem._001_,11.5
u_branch_unit._069_,11.48
u_pc_reg._057_,11.46
u_decoder_controller._06_,11.42
u_pc_next_logic._0689_,11.42
u_pc_next_logic._0023_,11.38
u_alu._0171_,11.36
u_alu._0197_,11.36
net76,11.36
u_alu._0534_,11.32
u_alu._0901_,11.32
u_pc_next_logic._0339_,11.28
u_alu._0040_,11.26
u_alu._0508_,11.24
u_alu._0924_,11.24
u_pc_reg._064_,11.24
u_pc_next_logic._0632_,11.2
u_alu._0087_,11.18
u_alu._0848_,11.16
u_alu._1057_,11.16
u_pc_next_logic._0128_,11.16
u_pc_next_logic._0750_,11.16
u_alu._0784_,11.14
_031_,11.12
_085_,11.12
u_wb_mux.pc_plus_imm\[9\],11.12
u_pc_next_logic.pc_next\[21\],11.1
u_alu._0277_,11.08
u_alu_control._01_,11.02
_259_,11
u_pc_next_logic._0641_,10.96
u_alu._0496_,10.92
u_alu._1109_,10.92
u_pc_next_logic._0527_,10.92
u_pc_next_logic._0631_,10.92
u_pc_reg._040_,10.92
u_pc_reg._062_,10.9
u_branch_unit._089_,10.885
u_alu._0878_,10.88
u_pc_next_logic._0266_,10.88
_137_,10.86
u_alu._0136_,10.86
u_alu._0950_,10.86
u_alu._0967_,10.86
u_pc_next_logic._0414_,10.86
u_pc_next_logic._0706_,10.84
_193_,10.82
_208_,10.82
u_alu._0273_,10.82
u_branch_unit._048_,10.82
u_pc_next_logic._0494_,10.82
u_alu._0193_,10.8
u_alu._0590_,10.8
u_pc_next_logic._0065_,10.8
u_alu._0624_,10.78
u_branch_unit._049_,10.78
u_alu._0865_,10.74
u_alu._0885_,10.74
u_pc_next_logic._0732_,10.72
_151_,10.68
u_alu._0022_,10.68
u_pc_next_logic._0347_,10.66
u_pc_next_logic._0658_,10.66
u_alu._0661_,10.64
u_imm_gen.imm_b\[28\],10.64
u_branch_unit._100_,10.57
_152_,10.56
u_pc_next_logic._0177_,10.54
u_pc_next_logic._0217_,10.52
u_pc_next_logic._0165_,10.5
u_imm_gen.imm_j\[22\],10.485
u_alu._0653_,10.46
u_dmem._014_,10.46
u_imm_gen.imm_b\[10\],10.46
u_wb_mux._052_,10.46
u_alu._0329_,10.44
u_wb_mux._025_,10.44
u_wb_mux.pc_plus_imm\[14\],10.44
u_branch_unit._078_,10.42
u_pc_next_logic._0188_,10.4
u_pc_next_logic._0268_,10.4
u_pc_next_logic._0544_,10.4
u_alu._1099_,10.36
u_pc_next_logic._0171_,10.36
u_alu._0142_,10.34
u_alu._0173_,10.34
u_alu._0206_,10.32
u_alu._0276_,10.32
u_imm_gen.imm_j\[1\],10.3
u_alu._0140_,10.28
_217_,10.26
u_pc_next_logic._0568_,10.24
u_alu._0465_,10.2
u_alu._1064_,10.2
u_alu._0342_,10.16
u_alu._1007_,10.16
u_alu._0301_,10.12
u_dmem._005_,10.12
u_alu._0168_,10.1
u_alu._0134_,10.08
u_pc_next_logic._0186_,10.06
u_alu._0760_,10.02
u_pc_next_logic._0166_,9.99
_156_,9.98
u_alu._0899_,9.96
u_pc_next_logic._0438_,9.96
u_alu._0528_,9.94
u_alu._0824_,9.94
u_wb_mux.pc_plus_imm\[1\],9.92
u_imm_gen.imm_b\[23\],9.9
_226_,9.88
u_decoder_controller._07_,9.88
u_pc_next_logic._0257_,9.88
_128_,9.86
u_alu._0227_,9.86
u_alu._0933_,9.86
u_alu._1085_,9.86
u_pc_next_logic._0405_,9.86
u_pc_next_logic._0480_,9.86
u_imm_gen.imm_b\[22\],9.84
u_wb_mux._027_,9.84
u_alu._0360_,9.82
u_alu._1070_,9.82
u_pc_reg._056_,9.82
u_pc_next_logic.pc_next\[23\],9.8
net70,9.78
u_pc_next_logic._0694_,9.76
u_alu._0282_,9.66
u_alu._0687_,9.62
u_branch_unit._085_,9.62
u_pc_next_logic._0510_,9.62
u_alu._0135_,9.6
u_pc_next_logic._0663_,9.58
u_pc_next_logic.pc_next\[25\],9.54
_101_,9.52
_249_,9.52
u_alu._0180_,9.52
u_alu._0615_,9.52
u_imm_gen.imm_b\[27\],9.515
u_pc_next_logic._0149_,9.5
u_pc_reg._007_,9.5
u_alu._0023_,9.48
u_alu._0343_,9.48
u_alu._0448_,9.48
u_alu._0846_,9.48
u_branch_unit._113_,9.48
u_imm_gen.imm_j\[25\],9.48
u_wb_mux._054_,9.48
_025_,9.46
u_branch_unit._031_,9.46
_171_,9.44
u_alu._0265_,9.44
u_alu._1111_,9.44
u_pc_next_logic._0173_,9.44
u_pc_next_logic._0399_,9.44
net68,9.44
_257_,9.42
u_alu._0103_,9.42
u_branch_unit._003_,9.42
u_pc_next_logic._0345_,9.42
u_pc_reg._045_,9.42
u_alu._0349_,9.4
u_alu._0771_,9.4
u_alu._0973_,9.4
u_branch_unit._054_,9.4
u_pc_next_logic._0039_,9.4
u_wb_mux._050_,9.4
u_alu._0856_,9.36
_154_,9.32
u_wb_mux.pc_plus_imm\[7\],9.32
u_pc_next_logic._0205_,9.3
u_pc_next_logic._0256_,9.29
u_pc_next_logic._0442_,9.28
u_alu._0015_,9.22
net364,9.22
u_alu_control._00_,9.2
u_alu._1100_,9.18
u_pc_next_logic._0223_,9.18
u_branch_unit._010_,9.12
u_branch_unit._110_,9.12
_225_,9.06
u_alu._0934_,9.06
u_branch_unit._030_,9.06
u_branch_unit._033_,9.06
u_wb_mux._044_,9.06
u_wb_mux.pc_plus_imm\[16\],9.06
_237_,9.04
_195_,9.02
u_alu._0096_,9.02
u_alu._0152_,9.02
u_alu._0821_,9.02
u_pc_next_logic._0362_,9.02
u_alu._1055_,9
u_branch_unit._035_,9
u_pc_next_logic._0245_,9
u_pc_next_logic._0012_,8.98
u_pc_next_logic.pc_next\[7\],8.96
u_wb_mux._007_,8.96
u_alu._1078_,8.94
u_pc_next_logic._0420_,8.94
u_pc_next_logic._0444_,8.94
u_pc_next_logic._0530_,8.94
u_alu._0315_,8.92
u_alu._0662_,8.92
u_alu._0016_,8.9
u_alu._0675_,8.9
u_alu._0991_,8.9
u_imm_gen.imm_b\[19\],8.9
u_wb_mux._021_,8.9
u_alu._0100_,8.88
u_pc_reg._055_,8.88
u_pc_next_logic._0049_,8.865
_091_,8.86
u_alu._0813_,8.86
u_pc_next_logic._0007_,8.86
u_alu._0851_,8.84
u_pc_reg._002_,8.825
u_branch_unit._111_,8.82
u_branch_unit._115_,8.82
u_imm_gen.imm_b\[26\],8.82
u_pc_next_logic._0301_,8.8
u_alu._1095_,8.78
u_pc_next_logic._0030_,8.78
u_alu._0263_,8.76
u_branch_unit._015_,8.74
u_pc_next_logic._0727_,8.74
u_alu._0812_,8.7
u_branch_unit._092_,8.7
u_pc_next_logic._0496_,8.7
u_pc_reg._052_,8.7
u_pc_next_logic._0616_,8.67
_119_,8.66
u_alu._1042_,8.62
u_pc_next_logic._0269_,8.62
u_pc_next_logic._0767_,8.62
u_pc_reg._019_,8.62
u_pc_next_logic._0740_,8.6
u_pc_next_logic.pc_next\[28\],8.6
u_pc_reg._042_,8.6
u_alu._0432_,8.56
u_pc_next_logic._0276_,8.56
u_alu._0344_,8.52
u_alu._0208_,8.5
u_pc_reg._023_,8.5
u_pc_reg._035_,8.5
u_alu._0058_,8.48
u_imm_gen.imm_b\[25\],8.48
u_pc_next_logic._0738_,8.48
_247_,8.44
u_alu._0131_,8.44
u_alu._0735_,8.44
u_pc_next_logic._0198_,8.44
u_pc_next_logic._0393_,8.44
u_pc_next_logic._0488_,8.44
u_pc_next_logic.pc_next\[11\],8.44
u_pc_next_logic.pc_next\[30\],8.44
u_alu._0970_,8.4
u_pc_next_logic._0239_,8.4
u_wb_mux._069_,8.4
_166_,8.38
u_imem.addr\[2\],8.38
_115_,8.32
u_alu._0542_,8.32
u_branch_unit._024_,8.32
u_alu._0699_,8.28
u_alu._0886_,8.28
net471,8.28
u_alu._0014_,8.26
u_alu._0049_,8.24
u_wb_mux.pc_plus_imm\[18\],8.24
_139_,8.22
_140_,8.22
u_branch_unit._032_,8.2
u_pc_next_logic.pc_next\[27\],8.2
u_alu._0729_,8.16
u_imm_gen.imm_b\[24\],8.14
u_pc_next_logic._0074_,8.12
u_alu._1056_,8.1
u_pc_next_logic._0178_,8.1
u_pc_next_logic._0461_,8.1
u_pc_next_logic._0056_,8.08
_223_,8.06
_246_,8.06
u_pc_next_logic._0364_,8.06
net94,8.06
u_pc_next_logic._0014_,8.045
u_alu._0219_,8.04
u_pc_next_logic._0709_,8.02
u_pc_next_logic._0739_,8.02
_173_,8
u_pc_next_logic.pc_next\[6\],8
u_pc_reg._046_,8
u_alu._0988_,7.99
u_alu._0063_,7.98
u_alu._0083_,7.98
u_pc_next_logic._0069_,7.98
u_pc_next_logic._0432_,7.98
u_pc_next_logic._0547_,7.98
u_pc_reg._018_,7.98
u_alu._0061_,7.94
u_alu._0527_,7.94
u_alu._0713_,7.94
u_alu._0775_,7.94
u_pc_next_logic._0375_,7.94
u_pc_next_logic._0557_,7.94
net88,7.94
u_alu._1001_,7.92
u_alu._1054_,7.9
u_imm_gen.imm_s\[12\],7.9
u_pc_next_logic._0140_,7.88
u_imm_gen.imm_b\[11\],7.84
u_alu._1110_,7.82
u_pc_next_logic._0306_,7.78
_233_,7.74
u_alu._1041_,7.74
u_alu._0021_,7.7
u_alu._0591_,7.7
u_pc_reg._011_,7.7
u_alu._0124_,7.68
u_alu._0218_,7.68
u_alu._0614_,7.68
u_imm_gen.imm_j\[26\],7.68
u_pc_reg._024_,7.68
u_wb_mux._075_,7.68
net381,7.68
u_pc_next_logic._0098_,7.67
u_pc_next_logic._0091_,7.66
u_pc_next_logic._0154_,7.66
u_imm_gen.imm_b\[17\],7.64
u_imm_gen.imm_s\[8\],7.64
u_pc_next_logic._0202_,7.64
_227_,7.6
u_alu._0755_,7.6
u_alu._0029_,7.58
u_pc_reg._025_,7.575
u_alu._0065_,7.56
u_alu._1034_,7.56
u_pc_next_logic._0136_,7.56
u_pc_next_logic._0222_,7.56
u_pc_next_logic._0759_,7.56
u_pc_reg._012_,7.56
u_wb_mux._038_,7.56
u_wb_mux.pc_plus_imm\[13\],7.56
u_pc_next_logic._0129_,7.54
u_pc_next_logic._0764_,7.535
u_alu._0116_,7.52
u_branch_unit._025_,7.52
u_pc_next_logic._0054_,7.52
u_pc_next_logic.pc_plus4\[2\],7.52
u_alu._0952_,7.5
u_pc_next_logic._0378_,7.5
u_alu._0149_,7.48
u_pc_next_logic._0060_,7.48
u_pc_next_logic._0552_,7.48
u_pc_next_logic.pc_next\[15\],7.48
u_alu._0114_,7.46
u_alu._0492_,7.46
u_imm_gen.imm_s\[6\],7.44
net470,7.44
u_pc_next_logic._0423_,7.38
u_pc_next_logic._0159_,7.35
u_pc_next_logic._0262_,7.34
u_alu._0701_,7.32
u_alu._0747_,7.32
net461,7.3
net468,7.28
u_alu._0727_,7.24
u_branch_unit._109_,7.24
u_alu._0019_,7.22
u_alu._1114_,7.22
u_branch_unit._099_,7.22
u_pc_next_logic._0176_,7.22
u_wb_mux._019_,7.22
net318,7.22
u_imm_gen.imm_b\[5\],7.2
u_pc_next_logic._0226_,7.2
u_pc_next_logic._0645_,7.2
u_alu._0498_,7.18
u_alu._0822_,7.18
u_alu._0835_,7.18
u_pc_next_logic._0352_,7.18
u_pc_next_logic._0409_,7.18
net508,7.18
_177_,7.16
net74,7.14
u_pc_next_logic._0454_,7.12
u_wb_mux.pc_plus_imm\[15\],7.12
u_alu._0089_,7.1
u_alu._0102_,7.1
u_pc_next_logic._0087_,7.1
u_pc_next_logic._0295_,7.1
u_pc_next_logic._0473_,7.1
u_pc_next_logic._0629_,7.1
u_pc_reg._030_,7.1
_136_,7.06
u_alu._0018_,7.06
u_alu._0926_,7.06
u_pc_reg._058_,7.06
u_pc_next_logic._0394_,7.045
u_pc_next_logic._0095_,7.04
u_alu._0616_,7
u_imm_gen.imm_s\[25\],7
net140,7
u_branch_unit._016_,6.98
net464,6.98
u_pc_next_logic._0348_,6.98
u_pc_next_logic._0495_,6.98
u_pc_next_logic._0524_,6.97
u_branch_unit._023_,6.96
u_imm_gen.imm_j\[8\],6.96
u_pc_next_logic._0070_,6.96
u_pc_next_logic._0403_,6.94
u_alu._0109_,6.9
u_alu._0643_,6.9
u_pc_next_logic._0760_,6.9
u_branch_unit._038_,6.86
u_branch_unit._076_,6.86
u_alu._0800_,6.84
u_alu._0943_,6.84
u_pc_next_logic._0413_,6.84
u_alu._0202_,6.82
net497,6.82
net498,6.82
u_alu._0806_,6.78
u_alu_control._09_,6.78
u_wb_mux._079_,6.78
u_alu._0032_,6.76
u_branch_unit._082_,6.76
u_imm_gen.imm_b\[15\],6.76
u_pc_next_logic._0673_,6.76
u_pc_reg._009_,6.76
u_pc_next_logic._0052_,6.755
net215,6.74
_234_,6.72
u_alu._0435_,6.72
u_alu._1013_,6.72
u_alu._1045_,6.72
u_pc_next_logic._0189_,6.72
u_wb_mux.pc_plus_imm\[10\],6.72
u_alu._0689_,6.66
u_pc_next_logic._0730_,6.66
net96,6.66
net462,6.66
u_alu._0212_,6.64
u_alu._0900_,6.64
u_alu_control._02_,6.64
u_pc_next_logic._0305_,6.64
u_pc_next_logic._0396_,6.64
net473,6.64
u_pc_reg._043_,6.62
u_pc_next_logic._0210_,6.6
u_pc_next_logic._0374_,6.6
u_pc_next_logic._0439_,6.6
u_pc_next_logic._0483_,6.6
u_alu._0216_,6.58
_184_,6.54
u_pc_next_logic._0151_,6.54
u_pc_next_logic._0370_,6.54
u_imm_gen.imm_b\[13\],6.52
u_alu._0274_,6.5
u_imm_gen.imm_b\[8\],6.5
u_alu._0148_,6.44
u_alu._0537_,6.42
u_imm_gen.imm_j\[24\],6.42
u_imm_gen.imm_b\[21\],6.4
u_imm_gen.imm_b\[6\],6.4
u_pc_reg._054_,6.4
u_alu._0944_,6.38
u_pc_next_logic._0336_,6.38
u_alu._0354_,6.32
u_imm_gen.imm_s\[30\],6.32
u_alu._0646_,6.3
u_alu._0908_,6.3
u_pc_next_logic._0481_,6.3
u_pc_next_logic._0587_,6.3
u_pc_next_logic._0646_,6.3
u_wb_mux._040_,6.3
net389,6.3
u_pc_next_logic._0029_,6.28
u_alu._0324_,6.26
u_branch_unit._037_,6.26
u_pc_next_logic._0412_,6.26
_142_,6.2
u_imm_gen.imm_j\[2\],6.2
u_pc_next_logic._0002_,6.2
u_pc_next_logic._0693_,6.2
net351,6.2
_197_,6.18
u_alu._0600_,6.18
u_alu._0753_,6.18
u_alu._1058_,6.18
u_pc_next_logic._0184_,6.18
_133_,6.14
_230_,6.14
_266_,6.14
u_pc_next_logic._0013_,6.14
u_pc_next_logic._0357_,6.14
u_pc_next_logic._0672_,6.14
u_pc_next_logic._0261_,6.11
u_branch_unit._104_,6.06
u_pc_next_logic._0067_,6.06
u_pc_next_logic._0522_,6.06
u_imm_gen.imm_s\[9\],6.04
u_pc_next_logic._0574_,6.04
u_alu._0172_,5.98
u_imm_gen.imm_s\[5\],5.98
u_pc_next_logic._0356_,5.98
u_pc_next_logic._0157_,5.96
u_imm_gen.imm_j\[6\],5.94
u_alu._0036_,5.92
u_pc_next_logic._0063_,5.92
u_alu_control._07_,5.86
u_branch_unit._068_,5.86
u_pc_next_logic._0441_,5.86
_123_,5.84
u_alu._0199_,5.84
u_alu._0780_,5.84
u_alu._1009_,5.84
u_pc_next_logic._0064_,5.84
u_pc_next_logic._0150_,5.84
u_pc_next_logic.pc_next\[0\],5.84
u_pc_next_logic.pc_next\[12\],5.84
u_pc_reg._031_,5.84
u_alu._0028_,5.82
u_branch_unit._084_,5.82
_172_,5.8
u_alu._0875_,5.8
u_alu._0980_,5.8
u_alu._1035_,5.8
u_imm_gen.imm_j\[12\],5.8
u_pc_next_logic._0053_,5.8
u_pc_next_logic._0314_,5.8
u_alu._1037_,5.74
u_pc_next_logic.pc_next\[5\],5.74
net279,5.74
u_alu._0186_,5.72
u_alu._0529_,5.72
u_decoder_controller._04_,5.72
u_imm_gen.imm_j\[7\],5.72
u_pc_next_logic._0273_,5.72
u_pc_next_logic._0381_,5.72
net505,5.72
u_alu._0854_,5.68
u_pc_next_logic._0208_,5.68
u_imm_gen.imm_b\[1\],5.6
net165,5.6
u_alu._0188_,5.58
u_alu._0676_,5.53
u_alu._0139_,5.52
u_pc_next_logic._0602_,5.52
u_imm_gen.imm_j\[20\],5.51
u_imm_gen.imm_j\[30\],5.51
u_alu._1080_,5.48
u_imm_gen.imm_j\[14\],5.48
u_pc_next_logic._0699_,5.48
u_alu._0138_,5.4
net474,5.4
net484,5.4
u_alu._0649_,5.38
u_branch_unit._059_,5.38
u_imm_gen.imm_s\[3\],5.38
u_pc_next_logic._0102_,5.38
u_pc_next_logic._0342_,5.38
u_pc_next_logic._0582_,5.38
u_pc_next_logic._0755_,5.38
u_pc_reg._003_,5.38
u_pc_reg._048_,5.38
_134_,5.34
u_alu._0154_,5.34
u_alu._0497_,5.34
u_alu._0976_,5.34
u_alu._0127_,5.28
u_imm_gen.imm_j\[9\],5.28
u_pc_next_logic._0122_,5.28
net298,5.28
u_alu._0007_,5.26
u_branch_unit._026_,5.26
u_branch_unit._091_,5.26
u_imm_gen.imm_u\[31\],5.26
u_pc_next_logic._0550_,5.26
u_wb_mux._042_,5.26
net500,5.26
u_alu_control._08_,5.24
u_imm_gen.imm_s\[17\],5.24
_178_,5.22
u_alu._0339_,5.22
u_alu._0536_,5.22
u_imm_gen.imm_j\[31\],5.22
u_pc_next_logic._0417_,5.22
u_pc_next_logic.pc_next\[26\],5.22
u_pc_reg._066_,5.22
u_wb_mux.pc_plus_imm\[17\],5.22
u_pc_reg._006_,5.165
u_alu._0025_,5.16
u_imm_gen.imm_j\[4\],5.16
u_pc_next_logic._0037_,5.16
u_branch_unit._046_,5.14
u_imm_gen.imm_b\[14\],5.14
u_imm_gen.imm_b\[4\],5.14
u_pc_next_logic._0220_,5.14
net476,5.14
net509,5.14
u_branch_unit._017_,5.12
u_pc_next_logic._0072_,5.1
u_branch_unit._096_,5.06
u_alu._0098_,5.04
u_alu._0169_,5.04
u_pc_next_logic._0232_,5.04
u_pc_next_logic.pc_plus4\[0\],5.04
u_alu._0799_,5.02
u_pc_next_logic._0100_,5.02
_158_,4.99
_255_,4.94
_261_,4.94
u_alu._0230_,4.94
u_alu._0913_,4.94
u_pc_next_logic._0284_,4.94
u_pc_next_logic._0685_,4.94
u_alu._0817_,4.92
u_pc_next_logic._0475_,4.92
u_pc_next_logic._0536_,4.92
u_wb_mux._015_,4.92
u_wb_mux._046_,4.92
u_wb_mux.pc_plus_imm\[0\],4.92
u_alu._0179_,4.9
u_pc_next_logic._0477_,4.9
_194_,4.88
u_alu._0001_,4.88
u_alu._0844_,4.88
u_pc_next_logic._0385_,4.88
u_branch_unit._080_,4.83
u_pc_next_logic._0567_,4.82
u_alu._0034_,4.8
u_alu._0657_,4.8
u_alu._0726_,4.8
u_alu._0966_,4.8
u_imm_gen.imm_b\[30\],4.8
u_pc_next_logic._0300_,4.8
u_pc_next_logic._0618_,4.8
u_pc_reg._060_,4.8
net480,4.8
u_alu._0794_,4.76
u_branch_unit._075_,4.76
_191_,4.7
u_alu._0082_,4.7
u_imm_gen.imm_b\[12\],4.7
net501,4.68
u_alu._0303_,4.66
u_alu._0583_,4.6
u_pc_next_logic._0448_,4.6
u_pc_reg._049_,4.6
u_pc_next_logic._0123_,4.58
u_imm_gen.imm_b\[3\],4.575
u_pc_next_logic._0192_,4.56
_179_,4.54
u_alu_control._04_,4.54
_202_,4.48
u_alu._0919_,4.48
u_alu_control._06_,4.48
u_pc_next_logic._0540_,4.48
u_branch_unit._074_,4.465
_181_,4.46
u_alu._0229_,4.46
u_alu._0302_,4.46
u_imm_gen.imm_b\[20\],4.46
u_pc_next_logic._0099_,4.46
u_pc_next_logic._0328_,4.46
u_pc_next_logic._0652_,4.46
u_pc_next_logic._0664_,4.46
u_pc_next_logic.pc_next\[19\],4.46
u_pc_next_logic.pc_next\[3\],4.46
u_pc_reg._044_,4.46
u_wb_mux._083_,4.46
net466,4.455
u_imm_gen.imm_b\[2\],4.44
net467,4.44
u_pc_next_logic._0057_,4.44
u_pc_next_logic._0143_,4.44
u_alu._1017_,4.43
u_alu._0003_,4.42
u_alu._0453_,4.42
u_pc_next_logic._0167_,4.42
u_pc_next_logic._0313_,4.42
u_alu._0949_,4.36
u_alu_control._10_,4.36
u_branch_unit._102_,4.36
u_pc_next_logic._0498_,4.36
_263_,4.34
u_alu_control._03_,4.34
u_pc_next_logic._0212_,4.34
u_pc_next_logic._0563_,4.34
u_pc_next_logic.pc_next\[9\],4.34
u_pc_reg._051_,4.34
u_imm_gen.imm_s\[21\],4.32
u_imm_gen.imm_b\[9\],4.24
u_imm_gen.imm_j\[3\],4.24
u_pc_next_logic._0080_,4.24
net459,4.22
u_alu._0975_,4.2
u_alu._0845_,4.14
u_alu._0619_,4.12
net458,4.1
_109_,4.02
_118_,4.02
u_alu._0031_,4.02
u_imm_gen.imm_s\[4\],4.02
u_imm_gen.imm_s\[7\],4.02
u_pc_next_logic._0704_,4.02
net160,4.02
_243_,4
u_alu._0012_,4
u_alu._0565_,4
u_pc_next_logic._0579_,4
u_pc_next_logic._0744_,4
u_pc_next_logic.pc_next\[31\],4
u_pc_reg._010_,4
u_pc_reg._027_,4
u_wb_mux._013_,4
u_alu._0037_,3.98
u_pc_next_logic._0340_,3.98
u_pc_reg._008_,3.925
u_alu._0965_,3.9
u_branch_unit._072_,3.9
u_imm_gen.imm_s\[20\],3.9
u_pc_reg._004_,3.9
net376,3.9
net491,3.9
_147_,3.88
_248_,3.88
u_alu._0115_,3.88
u_alu._0788_,3.88
u_alu._0978_,3.88
u_alu._1069_,3.88
u_branch_unit._066_,3.88
u_pc_next_logic._0240_,3.88
u_pc_next_logic._0712_,3.88
u_pc_next_logic._0733_,3.88
u_pc_next_logic.pc_next\[14\],3.88
u_wb_mux._073_,3.88
u_branch_unit._050_,3.86
u_imm_gen.imm_s\[24\],3.86
_239_,3.78
u_alu._0399_,3.78
u_imm_gen.imm_s\[10\],3.78
u_imm_gen.imm_s\[2\],3.78
u_pc_next_logic.pc_next\[1\],3.78
net220,3.76
net463,3.76
net488,3.76
u_alu._0863_,3.68
u_branch_unit._114_,3.68
net460,3.68
u_pc_reg._063_,3.68
net305,3.66
u_pc_next_logic._0455_,3.56
u_pc_next_logic._0519_,3.56
u_wb_mux.pc_plus_imm\[2\],3.56
net499,3.56
net507,3.56
u_alu._0752_,3.54
u_alu._0768_,3.54
u_alu._0770_,3.54
u_branch_unit._087_,3.54
u_imm_gen.imm_b\[31\],3.54
u_imm_gen.imm_s\[18\],3.54
u_pc_next_logic._0147_,3.54
u_pc_next_logic._0390_,3.54
u_pc_next_logic._0541_,3.54
u_pc_next_logic.pc_next\[10\],3.54
u_pc_reg._000_,3.54
u_pc_reg._029_,3.54
u_pc_reg._032_,3.54
u_alu._0599_,3.44
u_pc_next_logic.pc_next\[8\],3.44
u_regfile._017_,3.44
u_alu._0011_,3.42
u_alu._0052_,3.42
u_alu._0231_,3.42
u_alu._0779_,3.42
u_alu._0783_,3.42
u_alu._0917_,3.42
u_imm_gen.imm_s\[15\],3.42
u_pc_next_logic._0120_,3.42
u_pc_next_logic._0514_,3.42
u_pc_next_logic.pc_next\[17\],3.42
u_wb_mux._048_,3.42
u_wb_mux._077_,3.42
net504,3.42
u_branch_unit._101_,3.3
net487,3.3
net492,3.3
net506,3.23
u_pc_next_logic._0116_,3.22
u_pc_next_logic._0690_,3.22
net472,3.21
u_pc_next_logic._0236_,3.175
u_alu._0491_,3.1
u_alu._0704_,3.1
u_alu._0833_,3.1
u_pc_next_logic.pc_next\[29\],3.1
u_pc_reg._001_,3.1
u_pc_reg._026_,3.1
net150,3.1
net483,3.1
net494,3.1
_000_,3.08
_150_,3.08
u_alu._1010_,3.08
u_pc_next_logic._0076_,3.08
u_pc_next_logic._0130_,3.08
u_pc_next_logic._0363_,3.08
u_pc_next_logic._0384_,3.08
u_pc_next_logic._0447_,3.08
u_pc_next_logic._0467_,3.08
u_pc_next_logic._0635_,3.08
u_pc_reg._016_,3.08
u_pc_reg._017_,3.08
u_pc_reg._065_,3.08
net495,3.04
u_alu._0141_,2.98
u_alu._0163_,2.98
u_alu._0178_,2.98
u_alu._0211_,2.98
u_alu._0636_,2.96
u_alu._0722_,2.96
u_alu._0931_,2.96
u_alu._0990_,2.96
u_pc_next_logic._0058_,2.96
u_pc_next_logic._0181_,2.96
u_pc_next_logic._0593_,2.96
u_pc_next_logic.pc_next\[16\],2.96
net485,2.96
u_pc_reg._005_,2.945
net486,2.89
u_branch_unit._083_,2.84
u_imm_gen.imm_s\[0\],2.76
net481,2.76
u_pc_next_logic._0033_,2.76
u_pc_next_logic._0144_,2.76
net469,2.755
u_alu._0111_,2.74
u_alu._0622_,2.64
u_alu._0816_,2.64
u_alu._0986_,2.64
net482,2.64
net496,2.64
u_alu._1029_,2.62
u_alu._1059_,2.62
u_pc_reg._014_,2.62
_258_,2.53
net503,2.53
u_pc_next_logic._0066_,2.52
u_pc_next_logic._0354_,2.52
net144,2.52
net290,2.52
u_alu._0746_,2.5
u_alu._0804_,2.5
u_alu._0996_,2.5
u_pc_next_logic._0073_,2.5
u_pc_next_logic._0155_,2.5
u_wb_mux.pc_plus_imm\[8\],2.5
net475,2.5
net478,2.5
net479,2.5
net489,2.43
u_imm_gen.imm_s\[31\],2.4
u_pc_next_logic._0639_,2.36
u_alu._0000_,2.3
u_alu._1000_,2.3
u_alu._0566_,2.28
u_alu._0064_,2.18
u_alu._0594_,2.18
u_imm_gen.imm_s\[13\],2.18
u_imm_gen.imm_s\[22\],2.18
u_pc_next_logic._0263_,2.18
u_pc_next_logic._0317_,2.18
u_pc_next_logic.pc_plus4\[1\],2.18
u_pc_reg._059_,2.18
_159_,2.16
_265_,2.16
u_alu._0042_,2.16
net502,2.16
u_pc_next_logic._0104_,2.16
u_pc_next_logic._0308_,2.16
u_pc_next_logic._0431_,2.16
u_pc_reg._015_,2.16
u_wb_mux.pc_plus_imm\[3\],2.16
net331,2.06
net493,2.04
u_pc_next_logic._0061_,2.04
u_pc_next_logic._0249_,2.04
u_pc_next_logic._0545_,2.04
u_alu._0867_,1.94
u_imm_gen.imm_s\[11\],1.84
u_imm_gen.imm_s\[14\],1.84
u_imm_gen.imm_s\[16\],1.84
u_imm_gen.imm_s\[19\],1.84
u_imm_gen.imm_s\[23\],1.84
u_imm_gen.imm_s\[26\],1.84
u_imm_gen.imm_s\[27\],1.84
u_imm_gen.imm_s\[28\],1.84
u_imm_gen.imm_s\[29\],1.84
u_pc_next_logic._0501_,1.84
net490,1.84
u_branch_unit._020_,1.82
u_pc_next_logic._0137_,1.72
u_pc_next_logic.pc_next\[18\],1.72
u_wb_mux.pc_plus_imm\[4\],1.72
u_alu._0451_,1.7
u_alu._0595_,1.7
u_alu._0731_,1.7
u_pc_reg._034_,1.7
u_wb_mux.pc_plus_imm\[5\],1.7
_112_,1.6
u_alu._0086_,1.48
u_branch_unit._055_,1.48
u_imm_gen.imm_s\[1\],1.48
u_alu._0579_,1.38
u_pc_next_logic._0031_,1.38
u_pc_next_logic._0106_,1.38
u_pc_next_logic._0615_,1.38
u_pc_reg._033_,1.38
u_pc_reg._047_,1.38
u_pc_reg._053_,1.38
u_alu._0665_,1.36
u_pc_next_logic._0010_,1.26
u_pc_next_logic._0621_,1.26
u_imem.addr\[8\],1.14
u_pc_next_logic._0723_,1.14
u_wb_mux.pc_plus_imm\[6\],0.8
u_alu._0810_,0.46
net477,0.46
u_pc_next_logic._0015_,0.46
u_pc_next_logic._0611_,0.46
net465,0.46
